,Duration,Throughput
0,7.224,48318.0
1,7.97,43795.0
2,8.154,42807.0
3,13.945,25030.0
4,7.435,46947.0
5,7.553,46213.0
6,9.786,35668.0
7,14.529,24024.0
8,7.311,47743.0
9,15.16,23024.0
10,7.944,43939.0
11,13.607,25652.0
12,7.247,48165.0
13,13.779,25332.0
14,12.729,27421.0
15,9.663,36122.0
16,8.64,40399.0
17,7.85,44465.0
18,7.264,48052.0
19,14.511,24054.0
20,7.021,49715.0
21,8.537,40887.0
22,8.784,39737.0
23,7.259,48085.0
24,10.416,33511.0
25,14.904,23420.0
26,7.092,49217.0
27,7.606,45891.0
28,7.583,46031.0
29,7.65,45627.0
30,10.596,32942.0
31,10.12,34491.0
32,13.771,25347.0
33,10.697,32631.0
34,15.113,23096.0
35,9.798,35625.0
36,9.434,36999.0
37,9.317,37464.0
38,8.772,39791.0
39,7.753,45021.0
40,10.702,32615.0
41,14.82,23552.0
42,7.01,49793.0
43,10.0,34905.0
44,14.884,23451.0
45,8.852,39432.0
46,10.712,32585.0
47,9.826,35523.0
48,8.913,39162.0
49,11.179,31224.0
50,11.625,30026.0
51,7.113,49072.0
52,14.797,23589.0
53,9.592,36390.0
54,13.415,26019.0
55,7.803,44733.0
56,6.909,50521.0
57,8.45,41308.0
58,7.926,44039.0
59,9.645,36190.0
60,9.009,38745.0
61,13.935,25048.0
62,14.444,24166.0
63,8.269,42212.0
64,9.315,37472.0
65,7.623,45789.0
66,9.066,38501.0
67,7.204,48452.0
68,9.171,38060.0
69,12.515,27890.0
70,7.562,46158.0
71,15.08,23146.0
72,14.327,24363.0
73,15.153,23035.0
74,10.285,33938.0
75,8.667,40273.0
76,9.216,37874.0
77,8.269,42212.0
78,7.25,48145.0
79,7.765,44952.0
80,7.621,45801.0
81,7.181,48607.0
82,10.108,34532.0
83,7.442,46903.0
84,7.814,44670.0
85,8.353,41787.0
86,9.282,37605.0
87,7.148,48832.0
88,8.761,39841.0
89,8.411,41499.0
90,10.412,33524.0
91,6.741,51780.0
92,6.774,51528.0
93,8.921,39127.0
94,7.09,49231.0
95,12.852,27159.0
96,9.283,37601.0
97,6.681,52245.0
98,13.048,26751.0
99,8.636,40418.0
100,9.065,38505.0
101,8.943,39030.0
102,14.613,23886.0
103,12.868,27125.0
104,7.018,49736.0
105,7.575,46079.0
106,7.289,47887.0
107,7.373,47342.0
108,13.562,25737.0
109,14.348,24327.0
110,8.265,42232.0
111,9.651,36167.0
112,9.021,38693.0
113,14.268,24464.0
114,7.107,49114.0
115,15.577,22408.0
116,11.481,30402.0
117,8.007,43593.0
118,14.784,23610.0
119,6.806,51286.0
120,7.267,48032.0
121,13.024,26800.0
122,7.355,47458.0
123,9.182,38015.0
124,9.06,38526.0
125,7.581,46043.0
126,13.329,26187.0
127,8.701,40116.0
128,9.194,37965.0
129,7.96,43851.0
130,8.507,41031.0
131,9.604,36344.0
132,7.738,45109.0
133,7.106,49121.0
134,7.554,46207.0
135,7.193,48526.0
136,13.864,25177.0
137,6.935,50332.0
138,6.86,50882.0
139,7.168,48696.0
140,14.745,23672.0
141,8.056,43328.0
142,14.211,24562.0
143,6.706,52050.0
144,8.184,42650.0
145,9.503,36730.0
146,7.255,48112.0
147,9.006,38757.0
148,7.392,47220.0
149,15.476,22554.0
150,9.864,35386.0
151,6.68,52253.0
152,7.333,47600.0
153,8.257,42273.0
154,9.376,37228.0
155,9.657,36145.0
156,10.321,33819.0
157,7.356,47451.0
158,9.355,37312.0
159,7.977,43757.0
160,8.825,39552.0
161,7.405,47137.0
162,8.906,39193.0
163,9.816,35559.0
164,8.87,39352.0
165,14.286,24433.0
166,7.359,47432.0
167,10.05,34731.0
168,6.932,50354.0
169,10.407,33540.0
170,7.25,48145.0
171,9.794,35639.0
172,9.194,37965.0
173,9.025,38676.0
174,9.551,36546.0
175,7.77,44923.0
176,9.732,35866.0
177,9.915,35204.0
178,8.023,43506.0
179,15.684,22255.0
180,12.577,27753.0
181,7.033,49630.0
182,7.497,46559.0
183,14.583,23935.0
184,16.62,21002.0
185,9.085,38420.0
186,13.229,26385.0
187,14.067,24813.0
188,16.681,20925.0
189,9.927,35162.0
190,7.918,44083.0
191,8.749,39896.0
192,9.239,37780.0
193,6.874,50778.0
194,7.057,49462.0
195,14.874,23467.0
196,7.706,45296.0
197,8.895,39241.0
198,7.523,46398.0
199,6.841,51023.0
200,9.101,38353.0
201,6.748,51727.0
202,7.099,49169.0
203,7.078,49315.0
204,13.628,25613.0
205,10.751,32467.0
206,14.486,24095.0
207,14.721,23711.0
208,9.827,35519.0
209,7.289,47887.0
210,6.789,51414.0
211,9.489,36785.0
212,14.318,24378.0
213,7.864,44386.0
214,7.852,44454.0
215,7.823,44618.0
216,7.729,45161.0
217,13.407,26035.0
218,13.53,25798.0
219,8.334,41883.0
220,8.794,39692.0
221,13.663,25547.0
222,7.37,47361.0
223,7.234,48251.0
224,9.802,35610.0
225,13.741,25402.0
226,10.235,34103.0
227,7.679,45455.0
228,7.858,44420.0
229,9.295,37552.0
230,14.822,23549.0
231,9.506,36719.0
232,8.052,43349.0
233,7.681,45443.0
234,10.831,32227.0
235,8.384,41633.0
236,9.432,37007.0
237,7.445,46884.0
238,7.474,46702.0
239,8.368,41712.0
240,8.154,42807.0
241,14.523,24034.0
242,8.543,40858.0
243,15.355,22732.0
244,7.923,44055.0
245,7.033,49630.0
246,14.363,24302.0
247,10.25,34054.0
248,9.783,35679.0
249,7.169,48689.0
250,15.506,22510.0
251,13.904,25104.0
252,7.84,44522.0
253,7.257,48098.0
254,8.123,42971.0
255,8.099,43098.0
256,9.295,37552.0
257,6.738,51803.0
258,8.973,38900.0
259,6.803,51308.0
260,9.291,37569.0
261,14.49,24089.0
262,14.375,24282.0
263,9.157,38118.0
264,13.584,25695.0
265,13.731,25420.0
266,9.137,38202.0
267,15.537,22465.0
268,9.025,38676.0
269,7.68,45449.0
270,8.15,42828.0
271,12.609,27682.0
272,6.985,49971.0
273,8.567,40744.0
274,6.656,52442.0
275,14.746,23671.0
276,13.537,25785.0
277,7.068,49385.0
278,9.391,37168.0
279,14.197,24586.0
280,9.215,37878.0
281,6.934,50339.0
282,8.052,43349.0
283,9.395,37153.0
284,7.935,43989.0
285,8.07,43253.0
286,7.365,47393.0
287,7.195,48513.0
288,7.378,47310.0
289,9.482,36812.0
290,10.953,31868.0
291,8.43,41406.0
292,9.095,38378.0
293,7.117,49045.0
294,8.464,41239.0
295,14.9,23426.0
296,7.873,44335.0
297,15.144,23048.0
298,9.375,37232.0
299,14.172,24629.0
300,7.035,49616.0
301,15.518,22493.0
302,13.257,26329.0
303,10.254,34040.0
304,14.986,23292.0
305,14.759,23650.0
306,9.497,36754.0
307,16.065,21727.0
308,15.129,23071.0
309,13.825,25248.0
310,13.433,25984.0
311,9.624,36269.0
312,8.597,40601.0
313,9.428,37023.0
314,9.213,37887.0
315,9.702,35977.0
316,10.558,33060.0
317,6.456,54066.0
318,7.785,44836.0
319,8.535,40896.0
320,7.708,45284.0
321,9.275,37633.0
322,13.27,26303.0
323,11.234,31071.0
324,7.601,45922.0
325,8.503,41050.0
326,8.93,39087.0
327,9.537,36599.0
328,8.4,41554.0
329,7.362,47412.0
330,9.648,36178.0
331,7.49,46602.0
332,14.396,24246.0
333,14.406,24229.0
334,9.377,37224.0
335,6.628,52663.0
336,11.38,30672.0
337,12.932,26991.0
338,7.523,46398.0
339,13.466,25921.0
340,16.076,21712.0
341,10.064,34683.0
342,13.407,26035.0
343,14.974,23310.0
344,15.127,23074.0
345,8.517,40983.0
346,7.814,44670.0
347,7.801,44744.0
348,14.73,23696.0
349,7.804,44727.0
350,7.874,44329.0
351,13.952,25018.0
352,14.745,23672.0
353,7.462,46777.0
354,11.442,30506.0
355,15.084,23140.0
356,7.65,45627.0
357,14.228,24532.0
358,9.531,36623.0
359,7.72,45214.0
360,9.307,37504.0
361,14.935,23371.0
362,7.6,45928.0
363,14.01,24914.0
364,15.183,22989.0
365,9.254,37719.0
366,14.26,24477.0
367,7.063,49420.0
368,9.657,36145.0
369,9.481,36816.0
370,7.638,45699.0
371,8.94,39044.0
372,16.111,21665.0
373,14.767,23637.0
374,13.946,25028.0
375,8.712,40065.0
376,6.622,52711.0
377,6.878,50749.0
378,13.76,25367.0
379,14.929,23380.0
380,7.606,45891.0
381,9.669,36100.0
382,9.774,35712.0
383,8.341,41847.0
384,9.322,37444.0
385,13.332,26181.0
386,7.177,48635.0
387,14.538,24009.0
388,14.525,24031.0
389,8.757,39859.0
390,9.418,37062.0
391,15.032,23220.0
392,9.788,35661.0
393,8.399,41558.0
394,8.785,39732.0
395,13.646,25579.0
396,13.482,25890.0
397,9.44,36976.0
398,7.952,43895.0
399,6.741,51780.0
400,7.529,46361.0
401,9.679,36063.0
402,9.078,38450.0
403,7.217,48365.0
404,8.159,42781.0
405,8.075,43226.0
406,7.74,45097.0
407,13.56,25741.0
408,8.818,39584.0
409,6.834,51076.0
410,8.756,39864.0
411,13.346,26154.0
412,15.596,22380.0
413,13.652,25567.0
414,13.8,25293.0
415,6.746,51742.0
416,13.448,25955.0
417,7.208,48425.0
418,7.136,48914.0
419,7.493,46584.0
420,7.48,46664.0
421,13.568,25726.0
422,8.922,39122.0
423,14.038,24864.0
424,7.543,46275.0
425,9.49,36781.0
426,9.34,37371.0
427,13.935,25048.0
428,7.379,47303.0
429,6.976,50036.0
430,7.571,46104.0
431,12.816,27235.0
432,7.999,43637.0
433,7.216,48372.0
434,11.448,30490.0
435,15.214,22942.0
436,13.421,26008.0
437,7.99,43686.0
438,9.469,36862.0
439,13.504,25848.0
440,10.428,33472.0
441,7.098,49176.0
442,7.21,48412.0
443,9.259,37698.0
444,14.064,24818.0
445,13.584,25695.0
446,10.029,34804.0
447,6.967,50101.0
448,9.213,37887.0
449,6.902,50572.0
450,9.173,38052.0
451,7.402,47156.0
452,10.383,33617.0
453,11.531,30270.0
454,7.153,48798.0
455,7.825,44607.0
456,9.718,35918.0
457,7.954,43884.0
458,7.176,48641.0
459,8.71,40075.0
460,14.595,23915.0
461,14.7,23745.0
462,9.867,35375.0
463,13.585,25694.0
464,14.918,23398.0
465,7.695,45361.0
466,9.385,37192.0
467,12.746,27385.0
468,8.049,43366.0
469,7.596,45952.0
470,14.74,23680.0
471,6.883,50712.0
472,8.405,41529.0
473,14.085,24781.0
474,14.094,24766.0
475,13.502,25852.0
476,9.898,35265.0
477,14.822,23549.0
478,13.166,26511.0
479,11.479,30408.0
480,9.208,37907.0
481,9.908,35229.0
482,7.377,47316.0
483,7.533,46336.0
484,6.986,49964.0
485,7.765,44952.0
486,15.395,22673.0
487,7.458,46802.0
488,7.362,47412.0
489,9.203,37928.0
490,14.183,24610.0
491,6.87,50808.0
492,9.385,37192.0
493,9.778,35697.0
494,8.342,41842.0
495,8.137,42897.0
496,9.83,35509.0
497,7.331,47613.0
498,9.223,37846.0
499,6.972,50065.0
500,7.72,45214.0
501,7.86,44408.0
502,8.335,41878.0
503,7.489,46608.0
504,13.458,25936.0
505,12.214,28578.0
506,10.215,34170.0
507,7.404,47143.0
508,6.596,52919.0
509,14.575,23948.0
510,8.781,39751.0
511,13.401,26046.0
512,8.993,38813.0
513,8.068,43264.0
514,8.819,39579.0
515,6.957,50173.0
516,7.057,49462.0
517,6.975,50043.0
518,9.127,38244.0
519,7.567,46128.0
520,13.217,26409.0
521,13.85,25202.0
522,6.86,50882.0
523,9.125,38252.0
524,8.969,38917.0
525,10.198,34227.0
526,13.752,25382.0
527,14.59,23924.0
528,8.696,40139.0
529,9.097,38370.0
530,9.03,38654.0
531,14.428,24192.0
532,7.334,47593.0
533,13.24,26363.0
534,7.354,47464.0
535,10.586,32973.0
536,14.128,24706.0
537,8.617,40507.0
538,8.462,41249.0
539,10.395,33579.0
540,7.957,43867.0
541,13.056,26735.0
542,7.639,45693.0
543,9.981,34971.0
544,8.349,41807.0
545,15.068,23165.0
546,9.341,37367.0
547,9.302,37524.0
548,7.524,46392.0
549,9.77,35727.0
550,9.066,38501.0
551,8.068,43264.0
552,9.366,37268.0
553,9.076,38459.0
554,14.542,24003.0
555,10.159,34359.0
556,14.921,23393.0
557,10.103,34549.0
558,14.114,24731.0
559,14.555,23981.0
560,9.796,35632.0
561,8.152,42818.0
562,9.429,37019.0
563,13.876,25155.0
564,7.429,46985.0
565,7.94,43961.0
566,9.73,35873.0
567,7.099,49169.0
568,13.207,26429.0
569,14.758,23651.0
570,11.57,30168.0
571,8.825,39552.0
572,14.704,23738.0
573,8.293,42090.0
574,7.161,48743.0
575,8.407,41519.0
576,7.792,44796.0
577,11.246,31038.0
578,10.459,33373.0
579,8.587,40649.0
580,13.995,24941.0
581,15.386,22686.0
582,7.279,47953.0
583,13.49,25875.0
584,13.247,26349.0
585,8.641,40395.0
586,9.013,38727.0
587,8.246,42330.0
588,9.042,38603.0
589,9.235,37796.0
590,13.98,24968.0
591,9.815,35563.0
592,7.46,46790.0
593,14.137,24690.0
594,10.075,34645.0
595,6.705,52058.0
596,14.011,24912.0
597,10.909,31996.0
598,13.958,25007.0
599,14.355,24315.0
600,9.399,37137.0
601,9.727,35885.0
602,9.729,35877.0
603,13.844,25213.0
604,10.61,32898.0
605,8.708,40084.0
606,8.124,42965.0
607,9.683,36048.0
608,8.472,41200.0
609,8.078,43210.0
610,6.665,52371.0
611,8.488,41123.0
612,8.967,38926.0
613,8.871,39347.0
614,8.573,40715.0
615,7.729,45161.0
616,13.741,25402.0
617,8.271,42202.0
618,10.001,34901.0
619,10.458,33376.0
620,9.634,36231.0
621,9.385,37192.0
622,7.217,48365.0
623,13.389,26070.0
624,13.095,26655.0
625,7.417,47061.0
626,8.07,43253.0
627,9.605,36340.0
628,13.721,25439.0
629,13.315,26215.0
630,9.767,35738.0
631,14.177,24621.0
632,15.941,21896.0
633,13.947,25027.0
634,15.587,22393.0
635,9.924,35172.0
636,7.674,45485.0
637,10.155,34372.0
638,13.498,25859.0
639,7.209,48419.0
640,6.779,51490.0
641,8.456,41278.0
642,9.061,38522.0
643,7.371,47355.0
644,9.211,37895.0
645,8.975,38891.0
646,8.077,43215.0
647,10.169,34325.0
648,12.413,28120.0
649,9.24,37776.0
650,15.734,22184.0
651,7.549,46238.0
652,15.325,22776.0
653,8.38,41653.0
654,13.198,26447.0
655,13.449,25953.0
656,13.969,24987.0
657,9.357,37304.0
658,9.14,38189.0
659,14.878,23461.0
660,7.977,43757.0
661,8.92,39131.0
662,14.049,24845.0
663,7.325,47652.0
664,9.507,36715.0
665,10.236,34100.0
666,13.469,25915.0
667,13.434,25982.0
668,14.272,24457.0
669,9.882,35322.0
670,8.988,38835.0
671,7.508,46490.0
672,7.603,45910.0
673,14.57,23957.0
674,13.135,26574.0
675,13.351,26144.0
676,12.527,27864.0
677,8.251,42304.0
678,14.43,24189.0
679,15.413,22646.0
680,8.117,43002.0
681,7.652,45616.0
682,10.029,34804.0
683,7.466,46752.0
684,9.027,38667.0
685,13.779,25332.0
686,8.198,42577.0
687,13.533,25792.0
688,6.748,51727.0
689,12.737,27404.0
690,14.014,24907.0
691,9.199,37944.0
692,13.736,25411.0
693,7.182,48601.0
694,8.08,43199.0
695,13.406,26037.0
696,14.729,23698.0
697,8.569,40734.0
698,8.608,40549.0
699,9.357,37304.0
700,7.654,45604.0
701,7.418,47055.0
702,8.555,40801.0
703,8.087,43162.0
704,14.832,23533.0
705,8.536,40891.0
706,8.821,39570.0
707,10.302,33882.0
708,8.428,41415.0
709,7.291,47874.0
710,14.03,24879.0
711,8.844,39467.0
712,7.763,44963.0
713,10.155,34372.0
714,7.308,47763.0
715,9.399,37137.0
716,9.051,38565.0
717,7.658,45580.0
718,14.604,23901.0
719,9.493,36769.0
720,9.454,36921.0
721,7.985,43713.0
722,14.91,23410.0
723,9.891,35290.0
724,9.764,35749.0
725,7.13,48955.0
726,7.359,47432.0
727,9.166,38081.0
728,7.161,48743.0
729,7.416,47067.0
730,7.475,46696.0
731,9.804,35603.0
732,7.683,45431.0
733,7.79,44807.0
734,9.598,36367.0
735,13.429,25992.0
736,13.226,26391.0
737,8.17,42723.0
738,8.971,38909.0
739,7.386,47258.0
740,8.495,41089.0
741,10.155,34372.0
742,9.497,36754.0
743,9.41,37093.0
744,8.676,40232.0
745,7.635,45717.0
746,13.748,25389.0
747,14.83,23537.0
748,15.466,22569.0
749,14.161,24648.0
750,8.171,42718.0
751,14.362,24303.0
752,7.642,45675.0
753,13.803,25288.0
754,14.428,24192.0
755,8.758,39855.0
756,7.479,46671.0
757,7.776,44888.0
758,12.577,27753.0
759,8.586,40653.0
760,9.379,37216.0
761,12.6,27702.0
762,10.614,32886.0
763,8.951,38996.0
764,8.195,42593.0
765,8.169,42729.0
766,7.574,46085.0
767,14.063,24820.0
768,10.5,33243.0
769,7.824,44613.0
770,9.051,38565.0
771,9.46,36897.0
772,7.331,47613.0
773,9.966,35024.0
774,9.545,36569.0
775,8.549,40829.0
776,13.332,26181.0
777,7.116,49051.0
778,8.868,39361.0
779,9.039,38616.0
780,13.816,25264.0
781,9.462,36890.0
782,8.835,39508.0
783,7.001,49857.0
784,8.319,41958.0
785,8.113,43024.0
786,9.678,36066.0
787,6.873,50786.0
788,10.026,34814.0
789,9.505,36723.0
790,14.592,23920.0
791,8.162,42765.0
792,8.025,43495.0
793,7.245,48178.0
794,14.046,24850.0
795,10.092,34587.0
796,7.107,49114.0
797,13.387,26074.0
798,6.978,50022.0
799,8.428,41415.0
800,8.349,41807.0
801,15.489,22535.0
802,13.438,25975.0
803,7.811,44687.0
804,7.595,45958.0
805,7.121,49017.0
806,8.919,39136.0
807,10.187,34264.0
808,13.8,25293.0
809,7.019,49729.0
810,7.704,45308.0
811,6.687,52198.0
812,6.995,49900.0
813,7.786,44830.0
814,9.561,36508.0
815,8.966,38930.0
816,7.173,48662.0
817,8.86,39396.0
818,7.516,46441.0
819,8.132,42923.0
820,10.5,33243.0
821,14.113,24732.0
822,7.769,44929.0
823,9.238,37784.0
824,7.482,46652.0
825,10.888,32058.0
826,15.349,22741.0
827,7.116,49051.0
828,7.833,44561.0
829,14.541,24004.0
830,14.672,23790.0
831,10.235,34103.0
832,9.588,36405.0
833,8.195,42593.0
834,8.935,39065.0
835,7.795,44779.0
836,10.051,34728.0
837,13.205,26433.0
838,7.221,48338.0
839,7.242,48198.0
840,8.553,40810.0
841,13.41,26029.0
842,13.249,26345.0
843,14.488,24092.0
844,10.335,33773.0
845,14.794,23594.0
846,13.277,26290.0
847,10.531,33145.0
848,13.153,26537.0
849,13.869,25167.0
850,13.953,25016.0
851,13.523,25811.0
852,13.434,25982.0
853,10.743,32491.0
854,12.774,27325.0
855,8.398,41563.0
856,9.268,37662.0
857,8.496,41084.0
858,8.798,39674.0
859,7.483,46646.0
860,9.996,34919.0
861,10.244,34073.0
862,8.999,38788.0
863,15.111,23099.0
864,9.129,38235.0
865,10.696,32634.0
866,7.93,44016.0
867,15.181,22992.0
868,10.608,32904.0
869,9.119,38277.0
870,9.251,37731.0
871,7.203,48459.0
872,7.502,46528.0
873,9.037,38624.0
874,7.967,43812.0
875,14.631,23857.0
876,6.771,51551.0
877,7.627,45765.0
878,9.046,38586.0
879,8.533,40906.0
880,9.169,38068.0
881,6.826,51135.0
882,13.55,25760.0
883,7.673,45491.0
884,8.888,39272.0
885,10.452,33395.0
886,6.933,50346.0
887,7.368,47374.0
888,7.402,47156.0
889,13.977,24973.0
890,14.011,24912.0
891,14.018,24900.0
892,14.062,24822.0
893,13.627,25614.0
894,7.044,49553.0
895,13.482,25890.0
896,8.455,41283.0
897,8.981,38865.0
898,10.726,32542.0
899,7.531,46348.0
900,13.995,24941.0
901,9.302,37524.0
902,9.63,36246.0
903,7.712,45261.0
904,7.661,45562.0
905,14.752,23661.0
906,13.318,26209.0
907,9.495,36761.0
908,8.068,43264.0
909,7.938,43972.0
910,7.71,45272.0
911,7.413,47086.0
912,9.38,37212.0
913,6.775,51520.0
914,13.395,26058.0
915,7.128,48969.0
916,12.875,27110.0
917,13.233,26377.0
918,7.003,49843.0
919,9.008,38749.0
920,6.952,50209.0
921,6.832,51091.0
922,8.496,41084.0
923,7.38,47297.0
924,8.552,40815.0
925,8.652,40343.0
926,7.107,49114.0
927,12.846,27172.0
928,7.848,44476.0
929,13.424,26002.0
930,9.436,36991.0
931,10.029,34804.0
932,7.169,48689.0
933,9.313,37480.0
934,14.502,24069.0
935,6.963,50129.0
936,13.917,25081.0
937,9.05,38569.0
938,13.717,25446.0
939,6.96,50151.0
940,6.971,50072.0
941,9.377,37224.0
942,9.805,35599.0
943,14.212,24560.0
944,7.364,47400.0
945,6.793,51384.0
946,13.663,25547.0
947,7.809,44698.0
948,10.041,34762.0
949,7.687,45408.0
950,8.402,41544.0
951,7.776,44888.0
952,14.909,23412.0
953,14.301,24407.0
954,9.0,38783.0
955,13.124,26596.0
956,13.855,25193.0
957,6.656,52442.0
958,9.24,37776.0
959,7.043,49560.0
960,12.959,26935.0
961,7.315,47717.0
962,8.067,43269.0
963,7.317,47704.0
964,7.861,44403.0
965,14.767,23637.0
966,13.012,26825.0
967,7.021,49715.0
968,9.308,37500.0
969,7.345,47522.0
970,7.56,46171.0
971,8.376,41673.0
972,14.956,23338.0
973,13.125,26594.0
974,14.341,24339.0
975,10.703,32612.0
976,13.527,25804.0
977,7.613,45849.0
978,8.467,41225.0
979,8.723,40015.0
980,6.944,50266.0
981,6.885,50697.0
982,8.815,39597.0
983,13.794,25304.0
984,13.304,26236.0
985,14.064,24818.0
986,13.972,24982.0
987,8.949,39004.0
988,10.834,32218.0
989,8.922,39122.0
990,12.984,26883.0
991,10.076,34642.0
992,9.748,35807.0
993,7.577,46067.0
994,14.626,23865.0
995,15.183,22989.0
996,6.887,50683.0
997,7.192,48533.0
998,7.919,44078.0
999,13.586,25692.0
1000,14.599,23909.0
1001,9.753,35789.0
1002,7.333,47600.0
1003,9.141,38185.0
1004,13.974,24978.0
1005,13.16,26523.0
1006,9.201,37936.0
1007,11.025,31660.0
1008,8.311,41999.0
1009,7.845,44493.0
1010,10.011,34867.0
1011,9.314,37476.0
1012,15.152,23036.0
1013,13.586,25692.0
1014,10.36,33692.0
1015,9.86,35401.0
1016,8.359,41757.0
1017,7.523,46398.0
1018,14.102,24752.0
1019,9.105,38336.0
1020,7.91,44128.0
1021,9.303,37520.0
1022,8.775,39778.0
1023,15.24,22903.0
1024,13.286,26272.0
1025,10.783,32370.0
1026,13.34,26165.0
1027,10.342,33751.0
1028,9.12,38273.0
1029,8.166,42744.0
1030,9.016,38714.0
1031,10.459,33373.0
1032,9.159,38110.0
1033,7.942,43950.0
1034,9.195,37961.0
1035,9.439,36979.0
1036,7.346,47516.0
1037,7.917,44089.0
1038,6.914,50485.0
1039,7.257,48098.0
1040,13.481,25892.0
1041,14.53,24022.0
1042,6.895,50624.0
1043,7.98,43741.0
1044,14.907,23415.0
1045,7.524,46392.0
1046,9.133,38218.0
1047,11.052,31582.0
1048,14.55,23989.0
1049,7.576,46073.0
1050,14.325,24366.0
1051,10.836,32212.0
1052,10.204,34207.0
1053,15.068,23165.0
1054,8.35,41802.0
1055,13.557,25747.0
1056,7.076,49329.0
1057,13.87,25166.0
1058,14.5,24072.0
1059,7.908,44139.0
1060,9.671,36092.0
1061,9.192,37973.0
1062,13.394,26060.0
1063,7.509,46484.0
1064,7.833,44561.0
1065,9.259,37698.0
1066,15.02,23239.0
1067,7.707,45290.0
1068,7.157,48770.0
1069,9.532,36619.0
1070,7.581,46043.0
1071,7.47,46727.0
1072,13.608,25650.0
1073,7.953,43889.0
1074,7.437,46934.0
1075,13.71,25459.0
1076,7.707,45290.0
1077,9.219,37862.0
1078,13.492,25871.0
1079,6.764,51604.0
1080,10.707,32600.0
1081,13.883,25142.0
1082,8.727,39997.0
1083,13.398,26052.0
1084,9.085,38420.0
1085,13.808,25279.0
1086,9.338,37379.0
1087,13.327,26191.0
1088,9.414,37078.0
1089,7.006,49822.0
1090,8.319,41958.0
1091,9.819,35548.0
1092,15.171,23007.0
1093,10.013,34860.0
1094,9.222,37850.0
1095,13.882,25144.0
1096,10.172,34315.0
1097,7.686,45414.0
1098,6.767,51581.0
1099,13.387,26074.0
1100,13.193,26457.0
1101,9.638,36216.0
1102,9.417,37066.0
1103,14.204,24574.0
1104,14.328,24361.0
1105,8.529,40925.0
1106,13.362,26122.0
1107,8.762,39837.0
1108,9.54,36588.0
1109,13.263,26317.0
1110,6.843,51008.0
1111,9.516,36680.0
1112,9.247,37747.0
1113,15.104,23110.0
1114,7.023,49701.0
1115,13.24,26363.0
1116,7.545,46262.0
1117,14.677,23782.0
1118,8.929,39092.0
1119,10.856,32153.0
1120,7.24,48211.0
1121,8.885,39285.0
1122,6.581,53039.0
1123,9.204,37924.0
1124,7.364,47400.0
1125,12.978,26895.0
1126,8.854,39423.0
1127,8.867,39365.0
1128,15.271,22857.0
1129,6.899,50594.0
1130,9.015,38719.0
1131,9.778,35697.0
1132,6.647,52513.0
1133,6.999,49871.0
1134,13.454,25944.0
1135,6.774,51528.0
1136,9.34,37371.0
1137,7.908,44139.0
1138,14.379,24275.0
1139,12.984,26883.0
1140,14.647,23831.0
1141,14.035,24870.0
1142,7.006,49822.0
1143,6.929,50375.0
1144,9.83,35509.0
1145,8.415,41479.0
1146,10.994,31749.0
1147,10.283,33944.0
1148,7.441,46909.0
1149,9.207,37911.0
1150,13.779,25332.0
1151,9.762,35756.0
1152,13.48,25894.0
1153,7.41,47105.0
1154,14.782,23613.0
1155,7.338,47568.0
1156,7.817,44653.0
1157,13.406,26037.0
1158,7.17,48682.0
1159,6.874,50778.0
1160,9.456,36913.0
1161,13.384,26079.0
1162,13.411,26027.0
1163,8.188,42629.0
1164,7.443,46896.0
1165,15.76,22148.0
1166,14.795,23592.0
1167,8.881,39303.0
1168,8.041,43409.0
1169,9.739,35840.0
1170,13.336,26173.0
1171,7.491,46596.0
1172,15.038,23211.0
1173,14.35,24324.0
1174,8.579,40687.0
1175,7.812,44681.0
1176,8.755,39869.0
1177,7.42,47042.0
1178,14.803,23579.0
1179,9.854,35422.0
1180,14.589,23925.0
1181,14.509,24057.0
1182,14.482,24102.0
1183,8.173,42708.0
1184,14.977,23306.0
1185,7.035,49616.0
1186,9.058,38535.0
1187,13.21,26423.0
1188,13.156,26531.0
1189,7.923,44055.0
1190,13.51,25836.0
1191,11.362,30721.0
1192,13.024,26800.0
1193,8.835,39508.0
1194,9.787,35665.0
1195,7.553,46213.0
1196,14.534,24016.0
1197,11.169,31252.0
1198,7.144,48859.0
1199,13.603,25660.0
1200,9.444,36960.0
1201,9.41,37093.0
1202,7.768,44934.0
1203,9.379,37216.0
1204,15.458,22580.0
1205,9.856,35415.0
1206,7.001,49857.0
1207,8.102,43082.0
1208,13.684,25508.0
1209,10.09,34594.0
1210,14.431,24187.0
1211,7.406,47131.0
1212,8.854,39423.0
1213,6.939,50303.0
1214,8.698,40130.0
1215,10.089,34597.0
1216,14.953,23343.0
1217,7.554,46207.0
1218,10.316,33836.0
1219,9.918,35193.0
1220,13.587,25690.0
1221,15.599,22376.0
1222,7.274,47986.0
1223,7.625,45777.0
1224,7.637,45705.0
1225,14.18,24615.0
1226,7.845,44493.0
1227,14.731,23695.0
1228,13.072,26702.0
1229,8.607,40554.0
1230,7.559,46177.0
1231,9.571,36469.0
1232,12.948,26958.0
1233,15.543,22457.0
1234,7.536,46318.0
1235,15.368,22713.0
1236,13.903,25106.0
1237,7.916,44094.0
1238,8.885,39285.0
1239,9.38,37212.0
1240,13.782,25326.0
1241,12.057,28950.0
1242,13.566,25730.0
1243,7.503,46521.0
1244,10.105,34542.0
1245,13.569,25724.0
1246,7.156,48777.0
1247,11.603,30083.0
1248,6.816,51210.0
1249,13.857,25189.0
1250,7.849,44471.0
1251,9.817,35556.0
1252,6.756,51665.0
1253,7.196,48506.0
1254,13.252,26339.0
1255,8.229,42417.0
1256,9.092,38391.0
1257,14.748,23667.0
1258,8.505,41041.0
1259,9.443,36964.0
1260,7.775,44894.0
1261,9.488,36788.0
1262,7.147,48839.0
1263,8.935,39065.0
1264,8.625,40470.0
1265,7.339,47561.0
1266,10.846,32182.0
1267,9.638,36216.0
1268,9.146,38164.0
1269,8.01,43577.0
1270,9.197,37953.0
1271,7.422,47029.0
1272,9.454,36921.0
1273,15.645,22310.0
1274,8.263,42243.0
1275,9.939,35119.0
1276,15.619,22348.0
1277,7.681,45443.0
1278,10.362,33685.0
1279,7.369,47367.0
1280,7.028,49666.0
1281,7.559,46177.0
1282,7.231,48271.0
1283,8.761,39841.0
1284,9.44,36976.0
1285,15.459,22579.0
1286,14.206,24570.0
1287,9.129,38235.0
1288,13.825,25248.0
1289,14.151,24666.0
1290,7.326,47645.0
1291,6.678,52269.0
1292,12.71,27462.0
1293,13.543,25773.0
1294,10.499,33246.0
1295,7.005,49829.0
1296,6.864,50852.0
1297,10.61,32898.0
1298,9.404,37117.0
1299,7.667,45526.0
1300,7.663,45550.0
1301,6.869,50815.0
1302,10.867,32120.0
1303,9.784,35676.0
1304,7.735,45126.0
1305,13.442,25967.0
1306,7.305,47782.0
1307,7.569,46116.0
1308,7.817,44653.0
1309,8.327,41918.0
1310,14.409,24224.0
1311,7.521,46410.0
1312,7.841,44516.0
1313,8.997,38796.0
1314,8.374,41683.0
1315,14.925,23387.0
1316,10.146,34403.0
1317,7.187,48567.0
1318,8.801,39660.0
1319,7.746,45062.0
1320,7.165,48716.0
1321,8.649,40357.0
1322,8.957,38969.0
1323,7.66,45568.0
1324,6.707,52043.0
1325,15.786,22111.0
1326,7.526,46379.0
1327,7.323,47665.0
1328,9.8,35617.0
1329,9.71,35947.0
1330,9.662,36126.0
1331,9.245,37755.0
1332,14.334,24351.0
1333,7.0,49864.0
1334,8.944,39026.0
1335,9.374,37236.0
1336,9.522,36657.0
1337,7.105,49127.0
1338,9.006,38757.0
1339,8.859,39401.0
1340,7.697,45349.0
1341,6.597,52911.0
1342,8.641,40395.0
1343,7.655,45598.0
1344,9.543,36576.0
1345,15.536,22467.0
1346,7.26,48079.0
1347,16.392,21294.0
1348,13.501,25853.0
1349,9.038,38620.0
1350,7.156,48777.0
1351,13.878,25151.0
1352,7.254,48118.0
1353,13.586,25692.0
1354,8.013,43560.0
1355,9.362,37284.0
1356,14.517,24044.0
1357,7.272,47999.0
1358,8.847,39454.0
1359,8.752,39882.0
1360,7.315,47717.0
1361,6.951,50216.0
1362,9.778,35697.0
1363,8.996,38801.0
1364,13.809,25277.0
1365,6.959,50158.0
1366,10.274,33974.0
1367,8.126,42955.0
1368,8.535,40896.0
1369,8.981,38865.0
1370,15.762,22145.0
1371,6.719,51950.0
1372,8.58,40682.0
1373,7.584,46025.0
1374,9.27,37654.0
1375,10.153,34379.0
1376,7.203,48459.0
1377,8.068,43264.0
1378,8.912,39166.0
1379,8.732,39974.0
1380,6.867,50830.0
1381,13.54,25779.0
1382,7.832,44567.0
1383,7.588,46000.0
1384,8.155,42802.0
1385,6.75,51711.0
1386,6.563,53185.0
1387,7.304,47789.0
1388,7.352,47477.0
1389,8.784,39737.0
1390,6.983,49986.0
1391,10.893,32043.0
1392,13.04,26767.0
1393,7.3,47815.0
1394,14.265,24469.0
1395,7.618,45819.0
1396,13.71,25459.0
1397,9.761,35760.0
1398,7.57,46110.0
1399,9.374,37236.0
1400,10.386,33608.0
1401,7.062,49427.0
1402,6.809,51263.0
1403,13.599,25667.0
1404,6.95,50223.0
1405,7.358,47438.0
1406,13.894,25122.0
1407,13.242,26359.0
1408,9.218,37866.0
1409,7.513,46460.0
1410,8.25,42309.0
1411,9.229,37821.0
1412,14.542,24003.0
1413,7.738,45109.0
1414,9.008,38749.0
1415,7.768,44934.0
1416,9.548,36557.0
1417,8.357,41767.0
1418,7.701,45325.0
1419,7.984,43719.0
1420,6.536,53404.0
1421,10.063,34686.0
1422,6.703,52074.0
1423,14.355,24315.0
1424,9.304,37516.0
1425,7.74,45097.0
1426,8.667,40273.0
1427,7.27,48012.0
1428,8.047,43376.0
1429,8.471,41205.0
1430,9.222,37850.0
1431,9.874,35350.0
1432,7.854,44442.0
1433,15.899,21954.0
1434,13.289,26266.0
1435,7.789,44813.0
1436,9.344,37355.0
1437,12.758,27359.0
1438,7.185,48580.0
1439,7.371,47355.0
1440,6.743,51765.0
1441,13.439,25973.0
1442,7.681,45443.0
1443,10.391,33591.0
1444,15.027,23228.0
1445,7.685,45420.0
1446,7.669,45514.0
1447,7.976,43763.0
1448,13.521,25815.0
1449,7.16,48750.0
1450,7.741,45091.0
1451,6.832,51091.0
1452,6.606,52838.0
1453,9.702,35977.0
1454,15.364,22718.0
1455,9.312,37484.0
1456,8.969,38917.0
1457,14.142,24682.0
1458,13.876,25155.0
1459,10.874,32099.0
1460,9.668,36104.0
1461,10.297,33898.0
1462,13.237,26369.0
1463,9.716,35925.0
1464,7.302,47802.0
1465,9.054,38552.0
1466,8.588,40644.0
1467,13.728,25426.0
1468,7.089,49238.0
1469,13.283,26278.0
1470,9.942,35109.0
1471,7.209,48419.0
1472,7.935,43989.0
1473,14.305,24400.0
1474,8.823,39561.0
1475,14.631,23857.0
1476,14.083,24785.0
1477,13.322,26201.0
1478,7.56,46171.0
1479,10.547,33095.0
1480,9.137,38202.0
1481,7.935,43989.0
1482,6.993,49914.0
1483,12.921,27014.0
1484,7.399,47175.0
1485,14.45,24155.0
1486,7.435,46947.0
1487,13.865,25175.0
1488,9.203,37928.0
1489,10.14,34423.0
1490,9.655,36152.0
1491,13.822,25253.0
1492,7.88,44296.0
1493,8.045,43387.0
1494,15.887,21971.0
1495,13.325,26195.0
1496,9.792,35646.0
1497,14.285,24435.0
1498,9.134,38214.0
1499,8.371,41698.0
1500,13.853,25196.0
1501,10.016,34849.0
1502,7.764,44958.0
1503,14.782,23613.0
1504,14.101,24753.0
1505,9.732,35866.0
1506,8.994,38809.0
1507,11.096,31457.0
1508,7.218,48358.0
1509,7.601,45922.0
1510,7.229,48285.0
1511,9.562,36504.0
1512,9.215,37878.0
1513,7.328,47632.0
1514,7.051,49504.0
1515,7.886,44262.0
1516,14.142,24682.0
1517,8.03,43468.0
1518,9.091,38395.0
1519,9.619,36287.0
1520,13.918,25079.0
1521,7.985,43713.0
1522,9.207,37911.0
1523,15.19,22979.0
1524,8.378,41663.0
1525,7.08,49301.0
1526,8.334,41883.0
1527,7.698,45343.0
1528,15.066,23168.0
1529,9.137,38202.0
1530,7.636,45711.0
1531,6.433,54259.0
1532,7.704,45308.0
1533,7.055,49476.0
1534,10.009,34874.0
1535,7.393,47214.0
1536,14.396,24246.0
1537,14.673,23788.0
1538,13.334,26177.0
1539,13.021,26807.0
1540,8.553,40810.0
1541,14.062,24822.0
1542,7.396,47194.0
1543,6.78,51482.0
1544,14.338,24344.0
1545,14.211,24562.0
1546,14.282,24440.0
1547,7.255,48112.0
1548,8.055,43333.0
1549,9.208,37907.0
1550,9.026,38672.0
1551,8.996,38801.0
1552,7.709,45278.0
1553,13.646,25579.0
1554,13.149,26546.0
1555,7.385,47265.0
1556,9.006,38757.0
1557,9.472,36851.0
1558,8.446,41327.0
1559,13.178,26487.0
1560,13.244,26355.0
1561,10.145,34406.0
1562,7.289,47887.0
1563,8.814,39602.0
1564,7.367,47380.0
1565,8.148,42839.0
1566,9.49,36781.0
1567,14.48,24105.0
1568,13.88,25147.0
1569,16.024,21783.0
1570,8.694,40148.0
1571,8.116,43008.0
1572,10.147,34399.0
1573,7.899,44189.0
1574,13.544,25771.0
1575,13.229,26385.0
1576,8.849,39445.0
1577,7.266,48039.0
1578,13.744,25396.0
1579,8.773,39787.0
1580,13.193,26457.0
1581,13.693,25491.0
1582,13.088,26669.0
1583,14.975,23309.0
1584,6.614,52775.0
1585,9.934,35137.0
1586,6.715,51981.0
1587,9.812,35574.0
1588,9.561,36508.0
1589,7.427,46997.0
1590,14.446,24162.0
1591,13.328,26189.0
1592,7.508,46490.0
1593,7.189,48553.0
1594,7.043,49560.0
1595,11.252,31021.0
1596,9.089,38404.0
1597,9.853,35426.0
1598,7.461,46783.0
1599,7.457,46808.0
1600,15.055,23185.0
1601,8.376,41673.0
1602,9.997,34915.0
1603,13.085,26675.0
1604,13.791,25310.0
1605,7.499,46546.0
1606,8.866,39369.0
1607,7.238,48225.0
1608,16.097,21684.0
1609,13.532,25794.0
1610,7.444,46890.0
1611,7.471,46721.0
1612,10.293,33911.0
1613,8.052,43349.0
1614,9.013,38727.0
1615,7.693,45372.0
1616,9.405,37113.0
1617,9.322,37444.0
1618,8.102,43082.0
1619,8.659,40311.0
1620,7.985,43713.0
1621,13.128,26588.0
1622,7.29,47881.0
1623,6.746,51742.0
1624,10.276,33967.0
1625,9.668,36104.0
1626,14.415,24214.0
1627,8.849,39445.0
1628,14.069,24810.0
1629,7.658,45580.0
1630,9.488,36788.0
1631,13.884,25140.0
1632,13.631,25607.0
1633,6.799,51339.0
1634,13.284,26276.0
1635,14.813,23564.0
1636,9.863,35390.0
1637,8.144,42860.0
1638,10.381,33624.0
1639,6.778,51498.0
1640,14.022,24893.0
1641,9.336,37387.0
1642,10.296,33901.0
1643,13.363,26120.0
1644,7.158,48764.0
1645,10.385,33611.0
1646,13.711,25457.0
1647,7.772,44911.0
1648,6.953,50201.0
1649,7.034,49623.0
1650,7.753,45021.0
1651,9.723,35899.0
1652,14.19,24598.0
1653,8.995,38805.0
1654,6.718,51958.0
1655,7.239,48218.0
1656,8.707,40088.0
1657,9.136,38206.0
1658,8.813,39606.0
1659,9.106,38332.0
1660,14.502,24069.0
1661,9.602,36352.0
1662,9.386,37188.0
1663,7.398,47182.0
1664,8.678,40222.0
1665,7.537,46312.0
1666,12.751,27374.0
1667,7.621,45801.0
1668,7.963,43834.0
1669,10.577,33001.0
1670,9.881,35325.0
1671,7.282,47933.0
1672,6.795,51369.0
1673,7.381,47290.0
1674,7.989,43691.0
1675,7.034,49623.0
1676,7.668,45520.0
1677,7.761,44975.0
1678,10.08,34628.0
1679,8.507,41031.0
1680,7.169,48689.0
1681,7.399,47175.0
1682,8.645,40376.0
1683,13.359,26128.0
1684,7.013,49772.0
1685,7.647,45645.0
1686,8.744,39919.0
1687,7.217,48365.0
1688,14.562,23970.0
1689,7.952,43895.0
1690,9.633,36235.0
1691,8.042,43403.0
1692,13.209,26425.0
1693,13.811,25273.0
1694,7.205,48446.0
1695,10.676,32695.0
1696,9.355,37312.0
1697,9.156,38122.0
1698,14.376,24280.0
1699,7.74,45097.0
1700,6.805,51293.0
1701,13.468,25917.0
1702,14.295,24417.0
1703,6.928,50383.0
1704,7.131,48948.0
1705,14.163,24645.0
1706,14.314,24385.0
1707,14.307,24397.0
1708,7.494,46577.0
1709,13.666,25541.0
1710,14.112,24734.0
1711,13.287,26270.0
1712,7.395,47201.0
1713,7.266,48039.0
1714,9.428,37023.0
1715,7.408,47118.0
1716,13.523,25811.0
1717,7.634,45723.0
1718,14.327,24363.0
1719,8.222,42453.0
1720,7.9,44184.0
1721,13.999,24934.0
1722,7.266,48039.0
1723,7.048,49525.0
1724,8.844,39467.0
1725,7.28,47946.0
1726,8.8,39665.0
1727,14.12,24720.0
1728,7.362,47412.0
1729,14.521,24037.0
1730,8.877,39321.0
1731,12.915,27027.0
1732,9.444,36960.0
1733,7.725,45184.0
1734,7.296,47841.0
1735,7.514,46453.0
1736,14.687,23766.0
1737,13.027,26794.0
1738,6.606,52838.0
1739,15.377,22699.0
1740,9.152,38139.0
1741,10.447,33411.0
1742,9.083,38429.0
1743,12.818,27231.0
1744,7.002,49850.0
1745,9.02,38697.0
1746,15.892,21964.0
1747,7.284,47920.0
1748,9.313,37480.0
1749,10.451,33399.0
1750,8.912,39166.0
1751,14.649,23827.0
1752,7.193,48526.0
1753,6.92,50441.0
1754,13.898,25115.0
1755,8.249,42314.0
1756,9.158,38114.0
1757,7.033,49630.0
1758,8.869,39356.0
1759,7.086,49259.0
1760,7.695,45361.0
1761,8.692,40158.0
1762,7.463,46771.0
1763,8.859,39401.0
1764,13.54,25779.0
1765,6.746,51742.0
1766,7.367,47380.0
1767,10.573,33013.0
1768,9.69,36022.0
1769,13.754,25378.0
1770,9.812,35574.0
1771,8.3,42054.0
1772,9.465,36878.0
1773,13.283,26278.0
1774,13.004,26842.0
1775,11.498,30357.0
1776,8.825,39552.0
1777,14.623,23870.0
1778,14.371,24288.0
1779,7.61,45867.0
1780,13.408,26033.0
1781,7.805,44721.0
1782,10.523,33170.0
1783,7.08,49301.0
1784,14.256,24484.0
1785,12.797,27276.0
1786,13.795,25302.0
1787,7.193,48526.0
1788,9.966,35024.0
1789,8.621,40488.0
1790,9.036,38629.0
1791,9.354,37316.0
1792,7.292,47868.0
1793,8.549,40829.0
1794,7.246,48171.0
1795,8.01,43577.0
1796,13.931,25055.0
1797,7.124,48996.0
1798,8.956,38974.0
1799,13.65,25571.0
1800,15.083,23142.0
1801,6.405,54497.0
1802,7.658,45580.0
1803,13.922,25072.0
1804,9.203,37928.0
1805,14.904,23420.0
1806,10.007,34880.0
1807,7.303,47795.0
1808,10.639,32808.0
1809,7.79,44807.0
1810,7.352,47477.0
1811,10.622,32861.0
1812,6.921,50434.0
1813,9.13,38231.0
1814,13.836,25227.0
1815,9.666,36111.0
1816,7.815,44664.0
1817,9.384,37196.0
1818,7.835,44550.0
1819,6.589,52975.0
1820,13.872,25162.0
1821,15.542,22458.0
1822,15.483,22544.0
1823,7.638,45699.0
1824,10.491,33271.0
1825,9.03,38654.0
1826,14.894,23435.0
1827,7.156,48777.0
1828,6.884,50705.0
1829,14.527,24027.0
1830,13.495,25865.0
1831,6.684,52222.0
1832,14.897,23431.0
1833,10.179,34291.0
1834,10.203,34210.0
1835,7.32,47684.0
1836,14.898,23429.0
1837,10.132,34450.0
1838,14.431,24187.0
1839,7.279,47953.0
1840,13.491,25873.0
1841,6.768,51574.0
1842,7.16,48750.0
1843,14.655,23818.0
1844,8.113,43024.0
1845,6.934,50339.0
1846,7.179,48621.0
1847,14.473,24117.0
1848,8.838,39494.0
1849,8.289,42110.0
1850,8.854,39423.0
1851,9.189,37986.0
1852,10.323,33813.0
1853,14.786,23607.0
1854,8.642,40390.0
1855,12.992,26866.0
1856,7.883,44279.0
1857,9.366,37268.0
1858,9.003,38770.0
1859,8.411,41499.0
1860,9.017,38710.0
1861,8.306,42024.0
1862,9.287,37585.0
1863,7.003,49843.0
1864,6.803,51308.0
1865,10.124,34477.0
1866,8.618,40502.0
1867,8.034,43447.0
1868,9.009,38745.0
1869,8.716,40047.0
1870,7.744,45074.0
1871,14.243,24507.0
1872,9.176,38039.0
1873,9.293,37560.0
1874,9.518,36673.0
1875,13.623,25622.0
1876,7.177,48635.0
1877,15.102,23113.0
1878,15.226,22924.0
1879,15.104,23110.0
1880,7.026,49680.0
1881,8.352,41792.0
1882,9.712,35940.0
1883,9.294,37556.0
1884,6.641,52560.0
1885,7.768,44934.0
1886,7.151,48811.0
1887,9.498,36750.0
1888,6.612,52790.0
1889,10.205,34204.0
1890,9.174,38048.0
1891,7.657,45586.0
1892,6.896,50616.0
1893,7.92,44072.0
1894,7.347,47509.0
1895,9.61,36321.0
1896,9.521,36661.0
1897,7.925,44044.0
1898,8.854,39423.0
1899,9.115,38294.0
1900,12.756,27363.0
1901,14.695,23753.0
1902,8.656,40325.0
1903,10.352,33718.0
1904,10.396,33575.0
1905,15.214,22942.0
1906,13.444,25963.0
1907,7.533,46336.0
1908,7.325,47652.0
1909,13.8,25293.0
1910,7.871,44346.0
1911,7.624,45783.0
1912,8.128,42944.0
1913,9.409,37097.0
1914,9.033,38642.0
1915,9.096,38374.0
1916,15.249,22890.0
1917,8.744,39919.0
1918,9.404,37117.0
1919,15.359,22726.0
1920,9.698,35992.0
1921,8.873,39338.0
1922,12.971,26910.0
1923,14.738,23683.0
1924,13.68,25515.0
1925,7.871,44346.0
1926,9.07,38484.0
1927,8.945,39022.0
1928,13.796,25301.0
1929,6.823,51158.0
1930,7.758,44992.0
1931,7.33,47619.0
1932,14.398,24243.0
1933,9.414,37078.0
1934,9.591,36393.0
1935,7.815,44664.0
1936,9.606,36337.0
1937,8.021,43517.0
1938,7.359,47432.0
1939,11.619,30041.0
1940,7.461,46783.0
1941,7.393,47214.0
1942,7.232,48265.0
1943,8.413,41489.0
1944,6.932,50354.0
1945,9.195,37961.0
1946,10.311,33852.0
1947,8.928,39096.0
1948,9.442,36968.0
1949,13.228,26387.0
1950,12.559,27793.0
1951,12.553,27806.0
1952,6.915,50477.0
1953,8.517,40983.0
1954,13.967,24991.0
1955,7.118,49038.0
1956,9.149,38152.0
1957,8.983,38857.0
1958,13.407,26035.0
1959,8.217,42479.0
1960,9.842,35465.0
1961,8.951,38996.0
1962,13.434,25982.0
1963,7.421,47035.0
1964,8.149,42833.0
1965,8.274,42186.0
1966,14.585,23932.0
1967,8.66,40306.0
1968,8.478,41171.0
1969,7.268,48026.0
1970,7.282,47933.0
1971,8.173,42708.0
1972,15.492,22531.0
1973,7.823,44618.0
1974,13.781,25328.0
1975,7.637,45705.0
1976,13.742,25400.0
1977,7.487,46621.0
1978,10.297,33898.0
1979,10.313,33846.0
1980,7.041,49574.0
1981,11.261,30996.0
1982,9.373,37240.0
1983,14.862,23486.0
1984,7.29,47881.0
1985,6.847,50979.0
1986,7.688,45402.0
1987,11.062,31554.0
1988,13.562,25737.0
1989,6.777,51505.0
1990,8.469,41215.0
1991,14.387,24261.0
1992,9.665,36115.0
1993,13.325,26195.0
1994,8.613,40526.0
1995,7.356,47451.0
1996,14.219,24548.0
1997,9.666,36111.0
1998,6.936,50324.0
1999,13.721,25439.0
