id,cdr,fdr,numberOfBeams,numberOfRanges,utilizedCoreFrequency,utilizedCores
0,4,4,4,512,600,2
1,8,4,4,512,600,2
2,16,4,4,512,600,2
3,32,4,4,512,600,2
4,4,8,4,512,600,2
5,8,8,4,512,600,2
6,16,8,4,512,600,2
7,32,8,4,512,600,2
8,4,16,4,512,600,2
9,8,16,4,512,600,2
10,16,16,4,512,600,2
11,16,8,4,512,600,2
12,2,16,4,512,600,2
13,4,16,4,512,600,2
14,8,16,4,512,600,2
15,16,16,4,512,600,2
16,2,2,8,512,600,2
17,4,2,8,512,600,2
18,8,2,8,512,600,2
19,16,2,8,512,600,2
20,2,4,8,512,600,2
21,4,4,8,512,600,2
22,8,4,8,512,600,2
23,16,4,8,512,600,2
24,2,8,8,512,600,2
25,4,8,8,512,600,2
26,8,8,8,512,600,2
27,16,8,8,512,600,2
28,2,16,8,512,600,2
29,4,16,8,512,600,2
30,8,16,8,512,600,2
31,16,16,8,512,600,2
32,2,2,12,512,600,2
33,4,2,12,512,600,2
34,8,2,12,512,600,2
35,16,2,12,512,600,2
36,2,4,12,512,600,2
37,4,4,12,512,600,2
38,8,4,12,512,600,2
39,16,4,12,512,600,2
40,2,8,12,512,600,2
41,4,8,12,512,600,2
42,8,8,12,512,600,2
43,16,8,12,512,600,2
44,2,16,12,512,600,2
45,4,16,12,512,600,2
46,8,16,12,512,600,2
47,16,16,12,512,600,2
48,2,2,16,512,600,2
49,4,2,16,512,600,2
50,8,2,16,512,600,2
51,16,2,16,512,600,2
52,2,4,16,512,600,2
53,4,4,16,512,600,2
54,8,4,16,512,600,2
55,16,4,16,512,600,2
56,2,8,16,512,600,2
57,4,8,16,512,600,2
58,8,8,16,512,600,2
59,16,8,16,512,600,2
60,2,16,16,512,600,2
61,4,16,16,512,600,2
62,8,16,16,512,600,2
63,16,16,16,512,600,2
64,2,2,4,1024,600,2
65,4,2,4,1024,600,2
66,8,2,4,1024,600,2
67,16,2,4,1024,600,2
68,2,4,4,1024,600,2
69,4,4,4,1024,600,2
70,8,4,4,1024,600,2
71,16,4,4,1024,600,2
72,2,8,4,1024,600,2
73,4,8,4,1024,600,2
74,8,8,4,1024,600,2
75,16,8,4,1024,600,2
76,2,16,4,1024,600,2
77,4,16,4,1024,600,2
78,8,16,4,1024,600,2
79,16,16,4,1024,600,2
80,2,2,8,1024,600,2
81,4,2,8,1024,600,2
82,8,2,8,1024,600,2
83,16,2,8,1024,600,2
84,2,4,8,1024,600,2
85,4,4,8,1024,600,2
86,8,4,8,1024,600,2
87,16,4,8,1024,600,2
88,2,8,8,1024,600,2
89,4,8,8,1024,600,2
90,8,8,8,1024,600,2
91,16,8,8,1024,600,2
92,2,16,8,1024,600,2
93,4,16,8,1024,600,2
94,8,16,8,1024,600,2
95,16,16,8,1024,600,2
96,2,2,12,1024,600,2
97,4,2,12,1024,600,2
98,8,2,12,1024,600,2
99,16,2,12,1024,600,2
100,2,4,12,1024,600,2
101,4,4,12,1024,600,2
102,8,4,12,1024,600,2
103,16,4,12,1024,600,2
104,2,8,12,1024,600,2
105,4,8,12,1024,600,2
106,8,8,12,1024,600,2
107,16,8,12,1024,600,2
108,2,16,12,1024,600,2
109,4,16,12,1024,600,2
110,8,16,12,1024,600,2
111,16,16,12,1024,600,2
112,2,2,16,1024,600,2
113,4,2,16,1024,600,2
114,8,2,16,1024,600,2
115,16,2,16,1024,600,2
116,2,4,16,1024,600,2
117,4,4,16,1024,600,2
118,8,4,16,1024,600,2
119,16,4,16,1024,600,2
120,2,8,16,1024,600,2
121,4,8,16,1024,600,2
122,8,8,16,1024,600,2
123,16,8,16,1024,600,2
124,2,16,16,1024,600,2
125,4,16,16,1024,600,2
126,8,16,16,1024,600,2
127,16,16,16,1024,600,2
128,2,2,4,2048,600,2
129,4,2,4,2048,600,2
130,8,2,4,2048,600,2
131,16,2,4,2048,600,2
132,2,4,4,2048,600,2
133,4,4,4,2048,600,2
134,8,4,4,2048,600,2
135,16,4,4,2048,600,2
136,2,8,4,2048,600,2
137,4,8,4,2048,600,2
138,8,8,4,2048,600,2
139,16,8,4,2048,600,2
140,2,16,4,2048,600,2
141,4,16,4,2048,600,2
142,8,16,4,2048,600,2
143,16,16,4,2048,600,2
144,2,2,8,2048,600,2
145,4,2,8,2048,600,2
146,8,2,8,2048,600,2
147,16,2,8,2048,600,2
148,2,4,8,2048,600,2
149,4,4,8,2048,600,2
150,8,4,8,2048,600,2
151,16,4,8,2048,600,2
152,2,8,8,2048,600,2
153,4,8,8,2048,600,2
154,8,8,8,2048,600,2
155,16,8,8,2048,600,2
156,2,16,8,2048,600,2
157,4,16,8,2048,600,2
158,8,16,8,2048,600,2
159,16,16,8,2048,600,2
160,2,2,12,2048,600,2
161,4,2,12,2048,600,2
162,8,2,12,2048,600,2
163,16,2,12,2048,600,2
164,2,4,12,2048,600,2
165,4,4,12,2048,600,2
166,8,4,12,2048,600,2
167,16,4,12,2048,600,2
168,2,8,12,2048,600,2
169,4,8,12,2048,600,2
170,8,8,12,2048,600,2
171,16,8,12,2048,600,2
172,2,16,12,2048,600,2
173,4,16,12,2048,600,2
174,8,16,12,2048,600,2
175,16,16,12,2048,600,2
176,2,2,16,2048,600,2
177,4,2,16,2048,600,2
178,8,2,16,2048,600,2
179,16,2,16,2048,600,2
180,2,4,16,2048,600,2
181,4,4,16,2048,600,2
182,8,4,16,2048,600,2
183,16,4,16,2048,600,2
184,2,8,16,2048,600,2
185,4,8,16,2048,600,2
186,8,8,16,2048,600,2
187,16,8,16,2048,600,2
188,2,16,16,2048,600,2
189,4,16,16,2048,600,2
190,8,16,16,2048,600,2
191,16,16,16,2048,600,2
192,2,2,4,4096,600,2
193,4,2,4,4096,600,2
194,8,2,4,4096,600,2
195,16,2,4,4096,600,2
196,2,4,4,4096,600,2
197,4,4,4,4096,600,2
198,8,4,4,4096,600,2
199,16,4,4,4096,600,2
200,2,8,4,4096,600,2
201,4,8,4,4096,600,2
202,8,8,4,4096,600,2
203,16,8,4,4096,600,2
204,2,16,4,4096,600,2
205,4,16,4,4096,600,2
206,8,16,4,4096,600,2
207,16,16,4,4096,600,2
208,2,2,8,4096,600,2
209,4,2,8,4096,600,2
210,8,2,8,4096,600,2
211,16,2,8,4096,600,2
212,2,4,8,4096,600,2
213,4,4,8,4096,600,2
214,8,4,8,4096,600,2
215,16,4,8,4096,600,2
216,2,8,8,4096,600,2
217,4,8,8,4096,600,2
218,8,8,8,4096,600,2
219,16,8,8,4096,600,2
220,2,16,8,4096,600,2
221,4,16,8,4096,600,2
222,8,16,8,4096,600,2
223,16,16,8,4096,600,2
224,2,2,12,4096,600,2
225,4,2,12,4096,600,2
226,8,2,12,4096,600,2
227,16,2,12,4096,600,2
228,2,4,12,4096,600,2
229,4,4,12,4096,600,2
230,8,4,12,4096,600,2
231,16,4,12,4096,600,2
232,2,8,12,4096,600,2
233,4,8,12,4096,600,2
234,8,8,12,4096,600,2
235,16,8,12,4096,600,2
236,2,16,12,4096,600,2
237,4,16,12,4096,600,2
238,8,16,12,4096,600,2
239,16,16,12,4096,600,2
240,2,2,16,4096,600,2
241,4,2,16,4096,600,2
242,8,2,16,4096,600,2
243,16,2,16,4096,600,2
244,2,4,16,4096,600,2
245,4,4,16,4096,600,2
246,8,4,16,4096,600,2
247,16,4,16,4096,600,2
248,2,8,16,4096,600,2
249,4,8,16,4096,600,2
250,8,8,16,4096,600,2
251,16,8,16,4096,600,2
252,2,16,16,4096,600,2
253,4,16,16,4096,600,2
254,8,16,16,4096,600,2
255,16,16,16,4096,600,2
256,2,2,4,512,1200,2
257,4,2,4,512,1200,2
258,8,2,4,512,1200,2
259,16,2,4,512,1200,2
260,2,4,4,512,1200,2
261,4,4,4,512,1200,2
262,8,4,4,512,1200,2
263,16,4,4,512,1200,2
264,2,8,4,512,1200,2
265,4,8,4,512,1200,2
266,8,8,4,512,1200,2
267,16,8,4,512,1200,2
268,2,16,4,512,1200,2
269,4,16,4,512,1200,2
270,8,16,4,512,1200,2
271,16,16,4,512,1200,2
272,2,2,8,512,1200,2
273,4,2,8,512,1200,2
274,8,2,8,512,1200,2
275,16,2,8,512,1200,2
276,2,4,8,512,1200,2
277,4,4,8,512,1200,2
278,8,4,8,512,1200,2
279,16,4,8,512,1200,2
280,2,8,8,512,1200,2
281,4,8,8,512,1200,2
282,8,8,8,512,1200,2
283,16,8,8,512,1200,2
284,2,16,8,512,1200,2
285,4,16,8,512,1200,2
286,8,16,8,512,1200,2
287,16,16,8,512,1200,2
288,2,2,12,512,1200,2
289,4,2,12,512,1200,2
290,8,2,12,512,1200,2
291,16,2,12,512,1200,2
292,2,4,12,512,1200,2
293,4,4,12,512,1200,2
294,8,4,12,512,1200,2
295,16,4,12,512,1200,2
296,2,8,12,512,1200,2
297,4,8,12,512,1200,2
298,8,8,12,512,1200,2
299,16,8,12,512,1200,2
300,2,16,12,512,1200,2
301,4,16,12,512,1200,2
302,8,16,12,512,1200,2
303,16,16,12,512,1200,2
304,2,2,16,512,1200,2
305,4,2,16,512,1200,2
306,8,2,16,512,1200,2
307,16,2,16,512,1200,2
308,2,4,16,512,1200,2
309,4,4,16,512,1200,2
310,8,4,16,512,1200,2
311,16,4,16,512,1200,2
312,2,8,16,512,1200,2
313,4,8,16,512,1200,2
314,8,8,16,512,1200,2
315,16,8,16,512,1200,2
316,2,16,16,512,1200,2
317,4,16,16,512,1200,2
318,8,16,16,512,1200,2
319,16,16,16,512,1200,2
320,2,2,4,1024,1200,2
321,4,2,4,1024,1200,2
322,8,2,4,1024,1200,2
323,16,2,4,1024,1200,2
324,2,4,4,1024,1200,2
325,4,4,4,1024,1200,2
326,8,4,4,1024,1200,2
327,16,4,4,1024,1200,2
328,2,8,4,1024,1200,2
329,4,8,4,1024,1200,2
330,8,8,4,1024,1200,2
331,16,8,4,1024,1200,2
332,2,16,4,1024,1200,2
333,4,16,4,1024,1200,2
334,8,16,4,1024,1200,2
335,16,16,4,1024,1200,2
336,2,2,8,1024,1200,2
337,4,2,8,1024,1200,2
338,8,2,8,1024,1200,2
339,16,2,8,1024,1200,2
340,2,4,8,1024,1200,2
341,4,4,8,1024,1200,2
342,8,4,8,1024,1200,2
343,16,4,8,1024,1200,2
344,2,8,8,1024,1200,2
345,4,8,8,1024,1200,2
346,8,8,8,1024,1200,2
347,16,8,8,1024,1200,2
348,2,16,8,1024,1200,2
349,4,16,8,1024,1200,2
350,8,16,8,1024,1200,2
351,16,16,8,1024,1200,2
352,2,2,12,1024,1200,2
353,4,2,12,1024,1200,2
354,8,2,12,1024,1200,2
355,16,2,12,1024,1200,2
356,2,4,12,1024,1200,2
357,4,4,12,1024,1200,2
358,8,4,12,1024,1200,2
359,16,4,12,1024,1200,2
360,2,8,12,1024,1200,2
361,4,8,12,1024,1200,2
362,8,8,12,1024,1200,2
363,16,8,12,1024,1200,2
364,2,16,12,1024,1200,2
365,4,16,12,1024,1200,2
366,8,16,12,1024,1200,2
367,16,16,12,1024,1200,2
368,2,2,16,1024,1200,2
369,4,2,16,1024,1200,2
370,8,2,16,1024,1200,2
371,16,2,16,1024,1200,2
372,2,4,16,1024,1200,2
373,4,4,16,1024,1200,2
374,8,4,16,1024,1200,2
375,16,4,16,1024,1200,2
376,2,8,16,1024,1200,2
377,4,8,16,1024,1200,2
378,8,8,16,1024,1200,2
379,16,8,16,1024,1200,2
380,2,16,16,1024,1200,2
381,4,16,16,1024,1200,2
382,8,16,16,1024,1200,2
383,16,16,16,1024,1200,2
384,2,2,4,2048,1200,2
385,4,2,4,2048,1200,2
386,8,2,4,2048,1200,2
387,16,2,4,2048,1200,2
388,2,4,4,2048,1200,2
389,4,4,4,2048,1200,2
390,8,4,4,2048,1200,2
391,16,4,4,2048,1200,2
392,2,8,4,2048,1200,2
393,4,8,4,2048,1200,2
394,8,8,4,2048,1200,2
395,16,8,4,2048,1200,2
396,2,16,4,2048,1200,2
397,4,16,4,2048,1200,2
398,8,16,4,2048,1200,2
399,16,16,4,2048,1200,2
400,2,2,8,2048,1200,2
401,4,2,8,2048,1200,2
402,8,2,8,2048,1200,2
403,16,2,8,2048,1200,2
404,2,4,8,2048,1200,2
405,4,4,8,2048,1200,2
406,8,4,8,2048,1200,2
407,16,4,8,2048,1200,2
408,2,8,8,2048,1200,2
409,4,8,8,2048,1200,2
410,8,8,8,2048,1200,2
411,16,8,8,2048,1200,2
412,2,16,8,2048,1200,2
413,4,16,8,2048,1200,2
414,8,16,8,2048,1200,2
415,16,16,8,2048,1200,2
416,2,2,12,2048,1200,2
417,4,2,12,2048,1200,2
418,8,2,12,2048,1200,2
419,16,2,12,2048,1200,2
420,2,4,12,2048,1200,2
421,4,4,12,2048,1200,2
422,8,4,12,2048,1200,2
423,16,4,12,2048,1200,2
424,2,8,12,2048,1200,2
425,4,8,12,2048,1200,2
426,8,8,12,2048,1200,2
427,16,8,12,2048,1200,2
428,2,16,12,2048,1200,2
429,4,16,12,2048,1200,2
430,8,16,12,2048,1200,2
431,16,16,12,2048,1200,2
432,2,2,16,2048,1200,2
433,4,2,16,2048,1200,2
434,8,2,16,2048,1200,2
435,16,2,16,2048,1200,2
436,2,4,16,2048,1200,2
437,4,4,16,2048,1200,2
438,8,4,16,2048,1200,2
439,16,4,16,2048,1200,2
440,2,8,16,2048,1200,2
441,4,8,16,2048,1200,2
442,8,8,16,2048,1200,2
443,16,8,16,2048,1200,2
444,2,16,16,2048,1200,2
445,4,16,16,2048,1200,2
446,8,16,16,2048,1200,2
447,16,16,16,2048,1200,2
448,2,2,4,4096,1200,2
449,4,2,4,4096,1200,2
450,8,2,4,4096,1200,2
451,16,2,4,4096,1200,2
452,2,4,4,4096,1200,2
453,4,4,4,4096,1200,2
454,8,4,4,4096,1200,2
455,16,4,4,4096,1200,2
456,2,8,4,4096,1200,2
457,4,8,4,4096,1200,2
458,8,8,4,4096,1200,2
459,16,8,4,4096,1200,2
460,2,16,4,4096,1200,2
461,4,16,4,4096,1200,2
462,8,16,4,4096,1200,2
463,16,16,4,4096,1200,2
464,2,2,8,4096,1200,2
465,4,2,8,4096,1200,2
466,8,2,8,4096,1200,2
467,16,2,8,4096,1200,2
468,2,4,8,4096,1200,2
469,4,4,8,4096,1200,2
470,8,4,8,4096,1200,2
471,16,4,8,4096,1200,2
472,2,8,8,4096,1200,2
473,4,8,8,4096,1200,2
474,8,8,8,4096,1200,2
475,16,8,8,4096,1200,2
476,2,16,8,4096,1200,2
477,4,16,8,4096,1200,2
478,8,16,8,4096,1200,2
479,16,16,8,4096,1200,2
480,2,2,12,4096,1200,2
481,4,2,12,4096,1200,2
482,8,2,12,4096,1200,2
483,16,2,12,4096,1200,2
484,2,4,12,4096,1200,2
485,4,4,12,4096,1200,2
486,8,4,12,4096,1200,2
487,16,4,12,4096,1200,2
488,2,8,12,4096,1200,2
489,4,8,12,4096,1200,2
490,8,8,12,4096,1200,2
491,16,8,12,4096,1200,2
492,2,16,12,4096,1200,2
493,4,16,12,4096,1200,2
494,8,16,12,4096,1200,2
495,16,16,12,4096,1200,2
496,2,2,16,4096,1200,2
497,4,2,16,4096,1200,2
498,8,2,16,4096,1200,2
499,16,2,16,4096,1200,2
500,2,4,16,4096,1200,2
501,4,4,16,4096,1200,2
502,8,4,16,4096,1200,2
503,16,4,16,4096,1200,2
504,2,8,16,4096,1200,2
505,4,8,16,4096,1200,2
506,8,8,16,4096,1200,2
507,16,8,16,4096,1200,2
508,2,16,16,4096,1200,2
509,4,16,16,4096,1200,2
510,8,16,16,4096,1200,2
511,16,16,16,4096,1200,2
512,2,2,4,512,600,3
513,4,2,4,512,600,3
514,8,2,4,512,600,3
515,16,2,4,512,600,3
516,2,4,4,512,600,3
517,4,4,4,512,600,3
518,8,4,4,512,600,3
519,16,4,4,512,600,3
520,2,8,4,512,600,3
521,4,8,4,512,600,3
522,8,8,4,512,600,3
523,16,8,4,512,600,3
524,2,16,4,512,600,3
525,4,16,4,512,600,3
526,8,16,4,512,600,3
527,16,16,4,512,600,3
528,2,2,8,512,600,3
529,4,2,8,512,600,3
530,8,2,8,512,600,3
531,16,2,8,512,600,3
532,2,4,8,512,600,3
533,4,4,8,512,600,3
534,8,4,8,512,600,3
535,16,4,8,512,600,3
536,2,8,8,512,600,3
537,4,8,8,512,600,3
538,8,8,8,512,600,3
539,16,8,8,512,600,3
540,2,16,8,512,600,3
541,4,16,8,512,600,3
542,8,16,8,512,600,3
543,16,16,8,512,600,3
544,2,2,12,512,600,3
545,4,2,12,512,600,3
546,8,2,12,512,600,3
547,16,2,12,512,600,3
548,2,4,12,512,600,3
549,4,4,12,512,600,3
550,8,4,12,512,600,3
551,16,4,12,512,600,3
552,2,8,12,512,600,3
553,4,8,12,512,600,3
554,8,8,12,512,600,3
555,16,8,12,512,600,3
556,2,16,12,512,600,3
557,4,16,12,512,600,3
558,8,16,12,512,600,3
559,16,16,12,512,600,3
560,2,2,16,512,600,3
561,4,2,16,512,600,3
562,8,2,16,512,600,3
563,16,2,16,512,600,3
564,2,4,16,512,600,3
565,4,4,16,512,600,3
566,8,4,16,512,600,3
567,16,4,16,512,600,3
568,2,8,16,512,600,3
569,4,8,16,512,600,3
570,8,8,16,512,600,3
571,16,8,16,512,600,3
572,2,16,16,512,600,3
573,4,16,16,512,600,3
574,8,16,16,512,600,3
575,16,16,16,512,600,3
576,2,2,4,1024,600,3
577,4,2,4,1024,600,3
578,8,2,4,1024,600,3
579,16,2,4,1024,600,3
580,2,4,4,1024,600,3
581,4,4,4,1024,600,3
582,8,4,4,1024,600,3
583,16,4,4,1024,600,3
584,2,8,4,1024,600,3
585,4,8,4,1024,600,3
586,8,8,4,1024,600,3
587,16,8,4,1024,600,3
588,2,16,4,1024,600,3
589,4,16,4,1024,600,3
590,8,16,4,1024,600,3
591,16,16,4,1024,600,3
592,2,2,8,1024,600,3
593,4,2,8,1024,600,3
594,8,2,8,1024,600,3
595,16,2,8,1024,600,3
596,2,4,8,1024,600,3
597,4,4,8,1024,600,3
598,8,4,8,1024,600,3
599,16,4,8,1024,600,3
600,2,8,8,1024,600,3
601,4,8,8,1024,600,3
602,8,8,8,1024,600,3
603,16,8,8,1024,600,3
604,2,16,8,1024,600,3
605,4,16,8,1024,600,3
606,8,16,8,1024,600,3
607,16,16,8,1024,600,3
608,2,2,12,1024,600,3
609,4,2,12,1024,600,3
610,8,2,12,1024,600,3
611,16,2,12,1024,600,3
612,2,4,12,1024,600,3
613,4,4,12,1024,600,3
614,8,4,12,1024,600,3
615,16,4,12,1024,600,3
616,2,8,12,1024,600,3
617,4,8,12,1024,600,3
618,8,8,12,1024,600,3
619,16,8,12,1024,600,3
620,2,16,12,1024,600,3
621,4,16,12,1024,600,3
622,8,16,12,1024,600,3
623,16,16,12,1024,600,3
624,2,2,16,1024,600,3
625,4,2,16,1024,600,3
626,8,2,16,1024,600,3
627,16,2,16,1024,600,3
628,2,4,16,1024,600,3
629,4,4,16,1024,600,3
630,8,4,16,1024,600,3
631,16,4,16,1024,600,3
632,2,8,16,1024,600,3
633,4,8,16,1024,600,3
634,8,8,16,1024,600,3
635,16,8,16,1024,600,3
636,2,16,16,1024,600,3
637,4,16,16,1024,600,3
638,8,16,16,1024,600,3
639,16,16,16,1024,600,3
640,2,2,4,2048,600,3
641,4,2,4,2048,600,3
642,8,2,4,2048,600,3
643,16,2,4,2048,600,3
644,2,4,4,2048,600,3
645,4,4,4,2048,600,3
646,8,4,4,2048,600,3
647,16,4,4,2048,600,3
648,2,8,4,2048,600,3
649,4,8,4,2048,600,3
650,8,8,4,2048,600,3
651,16,8,4,2048,600,3
652,2,16,4,2048,600,3
653,4,16,4,2048,600,3
654,8,16,4,2048,600,3
655,16,16,4,2048,600,3
656,2,2,8,2048,600,3
657,4,2,8,2048,600,3
658,8,2,8,2048,600,3
659,16,2,8,2048,600,3
660,2,4,8,2048,600,3
661,4,4,8,2048,600,3
662,8,4,8,2048,600,3
663,16,4,8,2048,600,3
664,2,8,8,2048,600,3
665,4,8,8,2048,600,3
666,8,8,8,2048,600,3
667,16,8,8,2048,600,3
668,2,16,8,2048,600,3
669,4,16,8,2048,600,3
670,8,16,8,2048,600,3
671,16,16,8,2048,600,3
672,2,2,12,2048,600,3
673,4,2,12,2048,600,3
674,8,2,12,2048,600,3
675,16,2,12,2048,600,3
676,2,4,12,2048,600,3
677,4,4,12,2048,600,4
678,8,4,12,2048,600,4
679,16,4,12,2048,600,4
680,2,8,12,2048,600,4
681,4,8,12,2048,600,4
682,8,8,12,2048,600,4
683,16,8,12,2048,600,4
684,2,16,12,2048,600,4
685,4,16,12,2048,600,4
686,8,16,12,2048,600,4
687,16,16,12,2048,600,4
688,2,2,16,2048,600,3
689,4,2,16,2048,600,3
690,8,2,16,2048,600,3
691,16,2,16,2048,600,3
692,2,4,16,2048,600,3
693,4,4,16,2048,600,3
694,8,4,16,2048,600,3
695,16,4,16,2048,600,3
696,2,8,16,2048,600,3
697,4,8,16,2048,600,3
698,8,8,16,2048,600,3
699,16,8,16,2048,600,3
700,2,16,16,2048,600,3
701,4,16,16,2048,600,3
702,8,16,16,2048,600,3
703,16,16,16,2048,600,3
704,2,2,4,4096,600,3
705,4,2,4,4096,600,3
706,8,2,4,4096,600,3
707,16,2,4,4096,600,3
708,2,4,4,4096,600,3
709,4,4,4,4096,600,3
710,8,4,4,4096,600,3
711,16,4,4,4096,600,3
712,2,8,4,4096,600,3
713,4,8,4,4096,600,3
714,8,8,4,4096,600,3
715,16,8,4,4096,600,3
716,2,16,4,4096,600,3
717,4,16,4,4096,600,3
718,8,16,4,4096,600,3
719,16,16,4,4096,600,3
720,2,2,8,4096,600,3
721,4,2,8,4096,600,3
722,8,2,8,4096,600,3
723,16,2,8,4096,600,3
724,2,4,8,4096,600,3
725,4,4,8,4096,600,3
726,8,4,8,4096,600,3
727,16,4,8,4096,600,3
728,2,8,8,4096,600,3
729,4,8,8,4096,600,3
730,8,8,8,4096,600,3
731,16,8,8,4096,600,3
732,2,16,8,4096,600,3
733,4,16,8,4096,600,3
734,8,16,8,4096,600,3
735,16,16,8,4096,600,3
736,2,2,12,4096,600,3
737,4,2,12,4096,600,3
738,8,2,12,4096,600,3
739,16,2,12,4096,600,3
740,2,4,12,4096,600,3
741,4,4,12,4096,600,3
742,8,4,12,4096,600,3
743,16,4,12,4096,600,3
744,2,8,12,4096,600,3
745,4,8,12,4096,600,3
746,8,8,12,4096,600,3
747,16,8,12,4096,600,3
748,2,16,12,4096,600,3
749,4,16,12,4096,600,3
750,8,16,12,4096,600,3
751,16,16,12,4096,600,3
752,2,2,16,4096,600,3
753,4,2,16,4096,600,3
754,8,2,16,4096,600,3
755,16,2,16,4096,600,3
756,2,4,16,4096,600,3
757,4,4,16,4096,600,3
758,8,4,16,4096,600,3
759,16,4,16,4096,600,3
760,2,8,16,4096,600,3
761,4,8,16,4096,600,3
762,8,8,16,4096,600,3
763,16,8,16,4096,600,3
764,2,16,16,4096,600,3
765,4,16,16,4096,600,3
766,8,16,16,4096,600,3
767,16,16,16,4096,600,3
768,2,2,4,512,1200,3
769,4,2,4,512,1200,3
770,8,2,4,512,1200,3
771,16,2,4,512,1200,3
772,2,4,4,512,1200,3
773,4,4,4,512,1200,3
774,8,4,4,512,1200,3
775,16,4,4,512,1200,3
776,2,8,4,512,1200,3
777,4,8,4,512,1200,3
778,8,8,4,512,1200,3
779,16,8,4,512,1200,3
780,2,16,4,512,1200,3
781,4,16,4,512,1200,3
782,8,16,4,512,1200,3
783,16,16,4,512,1200,3
784,2,2,8,512,1200,3
785,4,2,8,512,1200,3
786,8,2,8,512,1200,3
787,16,2,8,512,1200,3
788,2,4,8,512,1200,3
789,4,4,8,512,1200,3
790,8,4,8,512,1200,3
791,16,4,8,512,1200,3
792,2,8,8,512,1200,3
793,4,8,8,512,1200,3
794,8,8,8,512,1200,3
795,16,8,8,512,1200,3
796,2,16,8,512,1200,3
797,4,16,8,512,1200,3
798,8,16,8,512,1200,3
799,16,16,8,512,1200,3
800,2,2,12,512,1200,3
801,4,2,12,512,1200,3
802,8,2,12,512,1200,3
803,16,2,12,512,1200,3
804,2,4,12,512,1200,3
805,4,4,12,512,1200,3
806,8,4,12,512,1200,3
807,16,4,12,512,1200,3
808,2,8,12,512,1200,3
809,4,8,12,512,1200,3
810,8,8,12,512,1200,3
811,16,8,12,512,1200,3
812,2,16,12,512,1200,3
813,4,16,12,512,1200,3
814,8,16,12,512,1200,3
815,16,16,12,512,1200,3
816,2,2,16,512,1200,3
817,4,2,16,512,1200,3
818,8,2,16,512,1200,3
819,16,2,16,512,1200,3
820,2,4,16,512,1200,3
821,4,4,16,512,1200,3
822,8,4,16,512,1200,3
823,16,4,16,512,1200,3
824,2,8,16,512,1200,3
825,4,8,16,512,1200,3
826,8,8,16,512,1200,3
827,16,8,16,512,1200,3
828,2,16,16,512,1200,3
829,4,16,16,512,1200,3
830,8,16,16,512,1200,3
831,16,16,16,512,1200,3
832,2,2,4,1024,1200,3
833,4,2,4,1024,1200,3
834,8,2,4,1024,1200,3
835,16,2,4,1024,1200,3
836,2,4,4,1024,1200,3
837,4,4,4,1024,1200,3
838,8,4,4,1024,1200,3
839,16,4,4,1024,1200,3
840,2,8,4,1024,1200,3
841,4,8,4,1024,1200,3
842,8,8,4,1024,1200,3
843,16,8,4,1024,1200,3
844,2,16,4,1024,1200,3
845,4,16,4,1024,1200,3
846,8,16,4,1024,1200,3
847,16,16,4,1024,1200,3
848,2,2,8,1024,1200,3
849,4,2,8,1024,1200,3
850,8,2,8,1024,1200,3
851,16,2,8,1024,1200,3
852,2,4,8,1024,1200,3
853,4,4,8,1024,1200,3
854,8,4,8,1024,1200,3
855,16,4,8,1024,1200,3
856,2,8,8,1024,1200,3
857,4,8,8,1024,1200,3
858,8,8,8,1024,1200,3
859,16,8,8,1024,1200,3
860,2,16,8,1024,1200,3
861,4,16,8,1024,1200,3
862,8,16,8,1024,1200,3
863,16,16,8,1024,1200,3
864,2,2,12,1024,1200,3
865,4,2,12,1024,1200,3
866,8,2,12,1024,1200,3
867,16,2,12,1024,1200,3
868,2,4,12,1024,1200,3
869,4,4,12,1024,1200,3
870,8,4,12,1024,1200,3
871,16,4,12,1024,1200,3
872,2,8,12,1024,1200,3
873,4,8,12,1024,1200,3
874,8,8,12,1024,1200,3
875,16,8,12,1024,1200,3
876,2,16,12,1024,1200,3
877,4,16,12,1024,1200,3
878,8,16,12,1024,1200,3
879,16,16,12,1024,1200,3
880,2,2,16,1024,1200,3
881,4,2,16,1024,1200,3
882,8,2,16,1024,1200,3
883,16,2,16,1024,1200,3
884,2,4,16,1024,1200,3
885,4,4,16,1024,1200,3
886,8,4,16,1024,1200,3
887,16,4,16,1024,1200,3
888,2,8,16,1024,1200,3
889,4,8,16,1024,1200,3
890,8,8,16,1024,1200,3
891,16,8,16,1024,1200,3
892,2,16,16,1024,1200,3
893,4,16,16,1024,1200,3
894,8,16,16,1024,1200,3
895,16,16,16,1024,1200,3
896,2,2,4,2048,1200,3
897,4,2,4,2048,1200,3
898,8,2,4,2048,1200,3
899,16,2,4,2048,1200,3
900,2,4,4,2048,1200,3
901,4,4,4,2048,1200,3
902,8,4,4,2048,1200,3
903,16,4,4,2048,1200,3
904,2,8,4,2048,1200,3
905,4,8,4,2048,1200,3
906,8,8,4,2048,1200,3
907,16,8,4,2048,1200,3
908,2,16,4,2048,1200,3
909,4,16,4,2048,1200,3
910,8,16,4,2048,1200,3
911,16,16,4,2048,1200,3
912,2,2,8,2048,1200,3
913,4,2,8,2048,1200,3
914,8,2,8,2048,1200,3
915,16,2,8,2048,1200,3
916,2,4,8,2048,1200,3
917,4,4,8,2048,1200,3
918,8,4,8,2048,1200,3
919,16,4,8,2048,1200,3
920,2,8,8,2048,1200,3
921,4,8,8,2048,1200,3
922,8,8,8,2048,1200,3
923,16,8,8,2048,1200,3
924,2,16,8,2048,1200,3
925,4,16,8,2048,1200,3
926,8,16,8,2048,1200,3
927,16,16,8,2048,1200,3
928,2,2,12,2048,1200,3
929,4,2,12,2048,1200,3
930,8,2,12,2048,1200,3
931,16,2,12,2048,1200,3
932,2,4,12,2048,1200,3
933,4,4,12,2048,1200,3
934,8,4,12,2048,1200,3
935,16,4,12,2048,1200,3
936,2,8,12,2048,1200,3
937,4,8,12,2048,1200,3
938,8,8,12,2048,1200,3
939,16,8,12,2048,1200,3
940,2,16,12,2048,1200,3
941,4,16,12,2048,1200,3
942,8,16,12,2048,1200,3
943,16,16,12,2048,1200,3
944,2,2,16,2048,1200,3
945,4,2,16,2048,1200,3
946,8,2,16,2048,1200,3
947,16,2,16,2048,1200,3
948,2,4,16,2048,1200,3
949,4,4,16,2048,1200,3
950,8,4,16,2048,1200,3
951,16,4,16,2048,1200,3
952,2,8,16,2048,1200,3
953,4,8,16,2048,1200,3
954,8,8,16,2048,1200,3
955,16,8,16,2048,1200,3
956,2,16,16,2048,1200,3
957,4,16,16,2048,1200,3
958,8,16,16,2048,1200,3
959,16,16,16,2048,1200,3
960,2,2,4,4096,1200,3
961,4,2,4,4096,1200,3
962,8,2,4,4096,1200,3
963,16,2,4,4096,1200,3
964,2,4,4,4096,1200,3
965,4,4,4,4096,1200,3
966,8,4,4,4096,1200,3
967,16,4,4,4096,1200,3
968,2,8,4,4096,1200,3
969,4,8,4,4096,1200,3
970,8,8,4,4096,1200,3
971,16,8,4,4096,1200,3
972,2,16,4,4096,1200,3
973,4,16,4,4096,1200,3
974,8,16,4,4096,1200,3
975,16,16,4,4096,1200,3
976,2,2,8,4096,1200,3
977,4,2,8,4096,1200,3
978,8,2,8,4096,1200,3
979,16,2,8,4096,1200,3
980,2,4,8,4096,1200,3
981,4,4,8,4096,1200,3
982,8,4,8,4096,1200,3
983,16,4,8,4096,1200,3
984,2,8,8,4096,1200,3
985,4,8,8,4096,1200,3
986,8,8,8,4096,1200,3
987,16,8,8,4096,1200,3
988,2,16,8,4096,1200,3
989,4,16,8,4096,1200,3
990,8,16,8,4096,1200,3
991,16,16,8,4096,1200,3
992,2,2,12,4096,1200,3
993,4,2,12,4096,1200,3
994,8,2,12,4096,1200,3
995,16,2,12,4096,1200,3
996,2,4,12,4096,1200,3
997,4,4,12,4096,1200,3
998,8,4,12,4096,1200,3
999,16,4,12,4096,1200,3
1000,2,8,12,4096,1200,3
1001,4,8,12,4096,1200,3
1002,8,8,12,4096,1200,3
1003,16,8,12,4096,1200,3
1004,2,16,12,4096,1200,3
1005,4,16,12,4096,1200,3
1006,8,16,12,4096,1200,3
1007,16,16,12,4096,1200,3
1008,2,2,16,4096,1200,3
1009,4,2,16,4096,1200,3
1010,8,2,16,4096,1200,3
1011,16,2,16,4096,1200,3
1012,2,4,16,4096,1200,3
1013,4,4,16,4096,1200,3
1014,8,4,16,4096,1200,3
1015,16,4,16,4096,1200,3
1016,2,8,16,4096,1200,3
1017,4,8,16,4096,1200,3
1018,8,8,16,4096,1200,3
1019,16,8,16,4096,1200,3
1020,2,16,16,4096,1200,3
1021,4,16,16,4096,1200,3
1022,8,16,16,4096,1200,3
1023,16,16,16,4096,1200,3
1024,2,2,4,512,600,4
1025,4,2,4,512,600,4
1026,8,2,4,512,600,4
1027,16,2,4,512,600,4
1028,2,4,4,512,600,4
1029,4,4,4,512,600,4
1030,8,4,4,512,600,4
1031,16,4,4,512,600,4
1032,2,8,4,512,600,4
1033,4,8,4,512,600,4
1034,8,8,4,512,600,4
1035,16,8,4,512,600,4
1036,2,16,4,512,600,4
1037,4,16,4,512,600,4
1038,8,16,4,512,600,4
1039,16,16,4,512,600,4
1040,2,2,8,512,600,4
1041,4,2,8,512,600,4
1042,8,2,8,512,600,4
1043,16,2,8,512,600,4
1044,2,4,8,512,600,4
1045,4,4,8,512,600,4
1046,8,4,8,512,600,4
1047,16,4,8,512,600,4
1048,2,8,8,512,600,4
1049,4,8,8,512,600,4
1050,8,8,8,512,600,4
1051,16,8,8,512,600,4
1052,2,16,8,512,600,4
1053,4,16,8,512,600,4
1054,8,16,8,512,600,4
1055,16,16,8,512,600,4
1056,2,2,12,512,600,4
1057,4,2,12,512,600,4
1058,8,2,12,512,600,4
1059,16,2,12,512,600,4
1060,2,4,12,512,600,4
1061,4,4,12,512,600,4
1062,8,4,12,512,600,4
1063,16,4,12,512,600,4
1064,2,8,12,512,600,4
1065,4,8,12,512,600,4
1066,8,8,12,512,600,4
1067,16,8,12,512,600,4
1068,2,16,12,512,600,4
1069,4,16,12,512,600,4
1070,8,16,12,512,600,4
1071,16,16,12,512,600,4
1072,2,2,16,512,600,4
1073,4,2,16,512,600,4
1074,8,2,16,512,600,4
1075,16,2,16,512,600,4
1076,2,4,16,512,600,4
1077,4,4,16,512,600,4
1078,8,4,16,512,600,4
1079,16,4,16,512,600,4
1080,2,8,16,512,600,4
1081,4,8,16,512,600,4
1082,8,8,16,512,600,4
1083,16,8,16,512,600,4
1084,2,16,16,512,600,4
1085,4,16,16,512,600,4
1086,8,16,16,512,600,4
1087,16,16,16,512,600,4
1088,2,2,4,1024,600,4
1089,4,2,4,1024,600,4
1090,8,2,4,1024,600,4
1091,16,2,4,1024,600,4
1092,2,4,4,1024,600,4
1093,4,4,4,1024,600,4
1094,8,4,4,1024,600,4
1095,16,4,4,1024,600,4
1096,2,8,4,1024,600,4
1097,4,8,4,1024,600,4
1098,8,8,4,1024,600,4
1099,16,8,4,1024,600,4
1100,2,16,4,1024,600,4
1101,4,16,4,1024,600,4
1102,8,16,4,1024,600,4
1103,16,16,4,1024,600,4
1104,2,2,8,1024,600,4
1105,4,2,8,1024,600,4
1106,8,2,8,1024,600,4
1107,16,2,8,1024,600,4
1108,2,4,8,1024,600,4
1109,4,4,8,1024,600,4
1110,8,4,8,1024,600,4
1111,16,4,8,1024,600,4
1112,2,8,8,1024,600,4
1113,4,8,8,1024,600,4
1114,8,8,8,1024,600,4
1115,16,8,8,1024,600,4
1116,2,16,8,1024,600,4
1117,4,16,8,1024,600,4
1118,8,16,8,1024,600,4
1119,16,16,8,1024,600,4
1120,2,2,12,1024,600,4
1121,4,2,12,1024,600,4
1122,8,2,12,1024,600,4
1123,16,2,12,1024,600,4
1124,2,4,12,1024,600,4
1125,4,4,12,1024,600,4
1126,8,4,12,1024,600,4
1127,16,4,12,1024,600,4
1128,2,8,12,1024,600,4
1129,4,8,12,1024,600,4
1130,8,8,12,1024,600,4
1131,16,8,12,1024,600,4
1132,2,16,12,1024,600,4
1133,4,16,12,1024,600,4
1134,8,16,12,1024,600,4
1135,16,16,12,1024,600,4
1136,2,2,16,1024,600,4
1137,4,2,16,1024,600,4
1138,8,2,16,1024,600,4
1139,16,2,16,1024,600,4
1140,2,4,16,1024,600,4
1141,4,4,16,1024,600,4
1142,8,4,16,1024,600,4
1143,16,4,16,1024,600,4
1144,2,8,16,1024,600,4
1145,4,8,16,1024,600,4
1146,8,8,16,1024,600,4
1147,16,8,16,1024,600,4
1148,2,16,16,1024,600,4
1149,4,16,16,1024,600,4
1150,8,16,16,1024,600,4
1151,16,16,16,1024,600,4
1152,2,2,4,2048,600,4
1153,4,2,4,2048,600,4
1154,8,2,4,2048,600,4
1155,16,2,4,2048,600,4
1156,2,4,4,2048,600,4
1157,4,4,4,2048,600,4
1158,8,4,4,2048,600,4
1159,16,4,4,2048,600,4
1160,2,8,4,2048,600,4
1161,4,8,4,2048,600,4
1162,8,8,4,2048,600,4
1163,16,8,4,2048,600,4
1164,2,16,4,2048,600,4
1165,4,16,4,2048,600,4
1166,8,16,4,2048,600,4
1167,16,16,4,2048,600,4
1168,2,2,8,2048,600,4
1169,4,2,8,2048,600,4
1170,8,2,8,2048,600,4
1171,16,2,8,2048,600,4
1172,2,4,8,2048,600,4
1173,4,4,8,2048,600,4
1174,8,4,8,2048,600,4
1175,16,4,8,2048,600,4
1176,2,8,8,2048,600,4
1177,4,8,8,2048,600,4
1178,8,8,8,2048,600,4
1179,16,8,8,2048,600,4
1180,2,16,8,2048,600,4
1181,4,16,8,2048,600,4
1182,8,16,8,2048,600,4
1183,16,16,8,2048,600,4
1184,2,2,12,2048,600,4
1185,4,2,12,2048,600,4
1186,8,2,12,2048,600,4
1187,16,2,12,2048,600,4
1188,2,4,12,2048,600,4
1189,4,4,12,2048,600,4
1190,8,4,12,2048,600,4
1191,16,4,12,2048,600,4
1192,2,8,12,2048,600,4
1193,4,8,12,2048,600,4
1194,8,8,12,2048,600,4
1195,16,8,12,2048,600,4
1196,2,16,12,2048,600,4
1197,4,16,12,2048,600,4
1198,8,16,12,2048,600,4
1199,16,16,12,2048,600,4
1200,2,2,16,2048,600,4
1201,4,2,16,2048,600,4
1202,8,2,16,2048,600,4
1203,16,2,16,2048,600,4
1204,2,4,16,2048,600,4
1205,4,4,16,2048,600,4
1206,8,4,16,2048,600,4
1207,16,4,16,2048,600,4
1208,2,8,16,2048,600,4
1209,4,8,16,2048,600,4
1210,8,8,16,2048,600,4
1211,16,8,16,2048,600,4
1212,2,16,16,2048,600,4
1213,4,16,16,2048,600,4
1214,8,16,16,2048,600,4
1215,16,16,16,2048,600,4
1216,2,2,4,4096,600,4
1217,4,2,4,4096,600,4
1218,8,2,4,4096,600,4
1219,16,2,4,4096,600,4
1220,2,4,4,4096,600,4
1221,4,4,4,4096,600,4
1222,8,4,4,4096,600,4
1223,16,4,4,4096,600,4
1224,2,8,4,4096,600,4
1225,4,8,4,4096,600,4
1226,8,8,4,4096,600,4
1227,16,8,4,4096,600,4
1228,2,16,4,4096,600,4
1229,4,16,4,4096,600,4
1230,8,16,4,4096,600,4
1231,16,16,4,4096,600,4
1232,2,2,8,4096,600,4
1233,4,2,8,4096,600,4
1234,8,2,8,4096,600,4
1235,16,2,8,4096,600,4
1236,2,4,8,4096,600,4
1237,4,4,8,4096,600,4
1238,8,4,8,4096,600,4
1239,16,4,8,4096,600,4
1240,2,8,8,4096,600,4
1241,4,8,8,4096,600,4
1242,8,8,8,4096,600,4
1243,16,8,8,4096,600,4
1244,2,16,8,4096,600,4
1245,4,16,8,4096,600,4
1246,8,16,8,4096,600,4
1247,16,16,8,4096,600,4
1248,2,2,12,4096,600,4
1249,4,2,12,4096,600,4
1250,8,2,12,4096,600,4
1251,16,2,12,4096,600,4
1252,2,4,12,4096,600,4
1253,4,4,12,4096,600,4
1254,8,4,12,4096,600,4
1255,16,4,12,4096,600,4
1256,2,8,12,4096,600,4
1257,4,8,12,4096,600,4
1258,8,8,12,4096,600,4
1259,16,8,12,4096,600,4
1260,2,16,12,4096,600,4
1261,4,16,12,4096,600,4
1262,8,16,12,4096,600,4
1263,16,16,12,4096,600,4
1264,2,2,16,4096,600,4
1265,4,2,16,4096,600,4
1266,8,2,16,4096,600,4
1267,16,2,16,4096,600,4
1268,2,4,16,4096,600,4
1269,4,4,16,4096,600,4
1270,8,4,16,4096,600,4
1271,16,4,16,4096,600,4
1272,2,8,16,4096,600,4
1273,4,8,16,4096,600,4
1274,8,8,16,4096,600,4
1275,16,8,16,4096,600,4
1276,2,16,16,4096,600,4
1277,4,16,16,4096,600,4
1278,8,16,16,4096,600,4
1279,16,16,16,4096,600,4
1280,2,2,4,512,1200,4
1281,4,2,4,512,1200,4
1282,8,2,4,512,1200,4
1283,16,2,4,512,1200,4
1284,2,4,4,512,1200,4
1285,4,4,4,512,1200,4
1286,8,4,4,512,1200,4
1287,16,4,4,512,1200,4
1288,2,8,4,512,1200,4
1289,4,8,4,512,1200,4
1290,8,8,4,512,1200,4
1291,16,8,4,512,1200,4
1292,2,16,4,512,1200,4
1293,4,16,4,512,1200,4
1294,8,16,4,512,1200,4
1295,16,16,4,512,1200,4
1296,2,2,8,512,1200,4
1297,4,2,8,512,1200,4
1298,8,2,8,512,1200,4
1299,16,2,8,512,1200,4
1300,2,4,8,512,1200,4
1301,4,4,8,512,1200,4
1302,8,4,8,512,1200,4
1303,16,4,8,512,1200,4
1304,2,8,8,512,1200,4
1305,4,8,8,512,1200,4
1306,8,8,8,512,1200,4
1307,16,8,8,512,1200,4
1308,2,16,8,512,1200,4
1309,4,16,8,512,1200,4
1310,8,16,8,512,1200,4
1311,16,16,8,512,1200,4
1312,2,2,12,512,1200,4
1313,4,2,12,512,1200,4
1314,8,2,12,512,1200,4
1315,16,2,12,512,1200,4
1316,2,4,12,512,1200,4
1317,4,4,12,512,1200,4
1318,8,4,12,512,1200,4
1319,16,4,12,512,1200,4
1320,2,8,12,512,1200,4
1321,4,8,12,512,1200,4
1322,8,8,12,512,1200,4
1323,16,8,12,512,1200,4
1324,2,16,12,512,1200,4
1325,4,16,12,512,1200,4
1326,8,16,12,512,1200,4
1327,16,16,12,512,1200,4
1328,2,2,16,512,1200,4
1329,4,2,16,512,1200,4
1330,8,2,16,512,1200,4
1331,16,2,16,512,1200,4
1332,2,4,16,512,1200,4
1333,4,4,16,512,1200,4
1334,8,4,16,512,1200,4
1335,16,4,16,512,1200,4
1336,2,8,16,512,1200,4
1337,4,8,16,512,1200,4
1338,8,8,16,512,1200,4
1339,16,8,16,512,1200,4
1340,2,16,16,512,1200,4
1341,4,16,16,512,1200,4
1342,8,16,16,512,1200,4
1343,16,16,16,512,1200,4
1344,2,2,4,1024,1200,4
1345,4,2,4,1024,1200,4
1346,8,2,4,1024,1200,4
1347,16,2,4,1024,1200,4
1348,2,4,4,1024,1200,4
1349,4,4,4,1024,1200,4
1350,8,4,4,1024,1200,4
1351,16,4,4,1024,1200,4
1352,2,8,4,1024,1200,4
1353,4,8,4,1024,1200,4
1354,8,8,4,1024,1200,4
1355,16,8,4,1024,1200,4
1356,2,16,4,1024,1200,4
1357,4,16,4,1024,1200,4
1358,8,16,4,1024,1200,4
1359,16,16,4,1024,1200,4
1360,2,2,8,1024,1200,4
1361,4,2,8,1024,1200,4
1362,8,2,8,1024,1200,4
1363,16,2,8,1024,1200,4
1364,2,4,8,1024,1200,4
1365,4,4,8,1024,1200,4
1366,8,4,8,1024,1200,4
1367,16,4,8,1024,1200,4
1368,2,8,8,1024,1200,4
1369,4,8,8,1024,1200,4
1370,8,8,8,1024,1200,4
1371,16,8,8,1024,1200,4
1372,2,16,8,1024,1200,4
1373,4,16,8,1024,1200,4
1374,8,16,8,1024,1200,4
1375,16,16,8,1024,1200,4
1376,2,2,12,1024,1200,4
1377,4,2,12,1024,1200,4
1378,8,2,12,1024,1200,4
1379,16,2,12,1024,1200,4
1380,2,4,12,1024,1200,4
1381,4,4,12,1024,1200,4
1382,8,4,12,1024,1200,4
1383,16,4,12,1024,1200,4
1384,2,8,12,1024,1200,4
1385,4,8,12,1024,1200,4
1386,8,8,12,1024,1200,4
1387,16,8,12,1024,1200,4
1388,2,16,12,1024,1200,4
1389,4,16,12,1024,1200,4
1390,8,16,12,1024,1200,4
1391,16,16,12,1024,1200,4
1392,2,2,16,1024,1200,4
1393,4,2,16,1024,1200,4
1394,8,2,16,1024,1200,4
1395,16,2,16,1024,1200,4
1396,2,4,16,1024,1200,4
1397,4,4,16,1024,1200,4
1398,8,4,16,1024,1200,4
1399,16,4,16,1024,1200,4
1400,2,8,16,1024,1200,4
1401,4,8,16,1024,1200,4
1402,8,8,16,1024,1200,4
1403,16,8,16,1024,1200,4
1404,2,16,16,1024,1200,4
1405,4,16,16,1024,1200,4
1406,8,16,16,1024,1200,4
1407,16,16,16,1024,1200,4
1408,2,2,4,2048,1200,4
1409,4,2,4,2048,1200,4
1410,8,2,4,2048,1200,4
1411,16,2,4,2048,1200,4
1412,2,4,4,2048,1200,4
1413,4,4,4,2048,1200,4
1414,8,4,4,2048,1200,4
1415,16,4,4,2048,1200,4
1416,2,8,4,2048,1200,4
1417,4,8,4,2048,1200,4
1418,8,8,4,2048,1200,4
1419,16,8,4,2048,1200,4
1420,2,16,4,2048,1200,4
1421,4,16,4,2048,1200,4
1422,8,16,4,2048,1200,4
1423,16,16,4,2048,1200,4
1424,2,2,8,2048,1200,4
1425,4,2,8,2048,1200,4
1426,8,2,8,2048,1200,4
1427,16,2,8,2048,1200,4
1428,2,4,8,2048,1200,4
1429,4,4,8,2048,1200,4
1430,8,4,8,2048,1200,4
1431,16,4,8,2048,1200,4
1432,2,8,8,2048,1200,4
1433,4,8,8,2048,1200,4
1434,8,8,8,2048,1200,4
1435,16,8,8,2048,1200,4
1436,2,16,8,2048,1200,4
1437,4,16,8,2048,1200,4
1438,8,16,8,2048,1200,4
1439,16,16,8,2048,1200,4
1440,2,2,12,2048,1200,4
1441,4,2,12,2048,1200,4
1442,8,2,12,2048,1200,4
1443,16,2,12,2048,1200,4
1444,2,4,12,2048,1200,4
1445,4,4,12,2048,1200,4
1446,8,4,12,2048,1200,4
1447,16,4,12,2048,1200,4
1448,2,8,12,2048,1200,4
1449,4,8,12,2048,1200,4
1450,8,8,12,2048,1200,4
1451,16,8,12,2048,1200,4
1452,2,16,12,2048,1200,4
1453,4,16,12,2048,1200,4
1454,8,16,12,2048,1200,4
1455,16,16,12,2048,1200,4
1456,2,2,16,2048,1200,4
1457,4,2,16,2048,1200,4
1458,8,2,16,2048,1200,4
1459,16,2,16,2048,1200,4
1460,2,4,16,2048,1200,4
1461,4,4,16,2048,1200,4
1462,8,4,16,2048,1200,4
1463,16,4,16,2048,1200,4
1464,2,8,16,2048,1200,4
1465,4,8,16,2048,1200,4
1466,8,8,16,2048,1200,4
1467,16,8,16,2048,1200,4
1468,2,16,16,2048,1200,4
1469,4,16,16,2048,1200,4
1470,8,16,16,2048,1200,4
1471,16,16,16,2048,1200,4
1472,2,2,4,4096,1200,4
1473,4,2,4,4096,1200,4
1474,8,2,4,4096,1200,4
1475,16,2,4,4096,1200,4
1476,2,4,4,4096,1200,4
1477,4,4,4,4096,1200,4
1478,8,4,4,4096,1200,4
1479,16,4,4,4096,1200,4
1480,2,8,4,4096,1200,4
1481,4,8,4,4096,1200,4
1482,8,8,4,4096,1200,4
1483,16,8,4,4096,1200,4
1484,2,16,4,4096,1200,4
1485,4,16,4,4096,1200,4
1486,8,16,4,4096,1200,4
1487,16,16,4,4096,1200,4
1488,2,2,8,4096,1200,4
1489,4,2,8,4096,1200,4
1490,8,2,8,4096,1200,4
1491,16,2,8,4096,1200,4
1492,2,4,8,4096,1200,4
1493,4,4,8,4096,1200,4
1494,8,4,8,4096,1200,4
1495,16,4,8,4096,1200,4
1496,2,8,8,4096,1200,4
1497,4,8,8,4096,1200,4
1498,8,8,8,4096,1200,4
1499,16,8,8,4096,1200,4
1500,2,16,8,4096,1200,4
1501,4,16,8,4096,1200,4
1502,8,16,8,4096,1200,4
1503,16,16,8,4096,1200,4
1504,2,2,12,4096,1200,4
1505,4,2,12,4096,1200,4
1506,8,2,12,4096,1200,4
1507,16,2,12,4096,1200,4
1508,2,4,12,4096,1200,4
1509,4,4,12,4096,1200,4
1510,8,4,12,4096,1200,4
1511,16,4,12,4096,1200,4
1512,2,8,12,4096,1200,4
1513,4,8,12,4096,1200,4
1514,8,8,12,4096,1200,4
1515,16,8,12,4096,1200,4
1516,2,16,12,4096,1200,4
1517,4,16,12,4096,1200,4
1518,8,16,12,4096,1200,4
1519,16,16,12,4096,1200,4
1520,2,2,16,4096,1200,4
1521,4,2,16,4096,1200,4
1522,8,2,16,4096,1200,4
1523,16,2,16,4096,1200,4
1524,2,4,16,4096,1200,4
1525,4,4,16,4096,1200,4
1526,8,4,16,4096,1200,4
1527,16,4,16,4096,1200,4
1528,2,8,16,4096,1200,4
1529,4,8,16,4096,1200,4
1530,8,8,16,4096,1200,4
1531,16,8,16,4096,1200,4
1532,2,16,16,4096,1200,4
1533,4,16,16,4096,1200,4
1534,8,16,16,4096,1200,4
1535,16,16,16,4096,1200,4