id,cost,currentConfiguration,energy,energyDelta,iteration,latency,performance,powerConsumption,reliability,responseTime,runningTime,SOAperf,systemEnergy,time,windowSize
0,6.483333333,-1,3919016.739,217965.9333,749.5,0.006571171,152.1798823,33170030.08,0.526,17.26318375,4.929023168,1.566935132,4524704.888,1571693902,80
1,7.39,-1,4196477.213,221039.7913,749.5,0.006569677,152.2144951,33645460.23,0.549333333,15.12981331,4.927440632,1.407790811,13121894.17,1571693912,80
2,8.503333333,-1,4253603.796,218726.1213,749.5,0.006565908,152.3018535,33312393.69,0.600666667,13.24374402,4.923586838,1.999057882,21706528.8,1571693922,80
3,9.1,-1,4118677.044,222314.1667,749.5,0.006545898,152.7674213,33962361.96,0.643333333,12.10982111,4.909953915,2.130668818,30283441.23,1571693933,80
4,10.32,-1,3990615.566,219129.7927,749.5,0.00655561,152.5410981,33426299.21,0.676666667,9.929302116,4.919363811,2.549916628,38859674.54,1571693943,80
5,10.97,-1,4387334.785,222634.9147,749.5,0.006550411,152.6621861,33987932.76,0.714666667,9.201814242,4.912659002,6.563081534,47430087.78,1571693953,80
6,6.896666667,-1,3727976.049,220187.8747,749.5,0.006553687,152.5858739,33597559.28,0.526666667,16.65781892,4.913727853,0.835196637,56021268.93,1571693963,80
7,7.78,-1,4373689.206,223225.9847,749.5,0.006620514,151.0456833,33717321.38,0.588666667,15.11840114,4.965172068,2.172996944,64670666.52,1571693973,80
8,8.886666667,-1,4220423.08,222313.122,749.5,0.006611388,151.2541755,33625787.97,0.615333333,12.70847433,4.959853753,1.828530676,73346634.75,1571693984,80
9,9.37,-1,4225436.709,222111.8507,749.5,0.006616211,151.1439078,33570853.08,0.652,11.55466236,4.963935793,4.121044976,82027828.22,1571693994,80
10,10.59333333,-1,4194011.235,222218.1033,749.5,0.006634679,150.7231817,33493419.56,0.704,10.18902141,4.977756709,1.902153681,90748642.54,1571694004,80
11,11.4,-1,3960930.92,221456.688,749.5,0.006635889,150.6957117,33372573.22,0.740666667,8.260335765,4.976142298,2.485501734,99488516.81,1571694014,80
12,7.536666667,-1,4056190.131,221632.1453,749.5,0.006629348,150.8444049,33431969.07,0.552666667,14.67372569,4.972312816,5.591580691,108210509.1,1571694025,80
13,8.233333333,-1,4128701.325,221479.5087,749.5,0.006629859,150.832771,33406368.02,0.588666667,13.74594778,4.972550149,1.147717638,116936747.4,1571694035,80
14,9.15,-1,4196944.811,221484.2567,749.5,0.006650164,150.3722393,33305083.65,0.640666667,12.41899216,4.987301641,2.282748848,125679633.5,1571694045,80
15,9.93,-1,3779639.244,216287.2287,749.5,0.006641996,150.5571539,32563589.57,0.680666667,11.54501659,4.977164474,1.227190902,134430864.2,1571694056,80
16,10.74333333,-1,4131779.723,222522.644,749.5,0.006638053,150.646584,33522276.19,0.69,9.691677827,4.977478766,1.483855341,143202684.4,1571694066,80
17,11.65,-1,4394849.043,222318.704,749.5,0.006633907,150.7407252,33512482.67,0.744666667,7.812153201,4.975463809,3.035917174,151952768,1571694076,80
18,7.72,-1,4274140.082,222410.7713,749.5,0.006640659,150.5874604,33492273.21,0.544,14.55317166,4.980971858,0.973419815,160718125.2,1571694087,80
19,8.69,-1,4416027.679,222637.3327,749.5,0.006648683,150.4057218,33485928.71,0.602666667,13.85803985,4.98772743,0.764946846,169485980.7,1571694097,80
20,9.506666667,-1,4414673.283,223279.728,749.5,0.006646393,150.4575601,33594123.11,0.633333333,11.29879016,4.9850787,1.196542779,178270883.3,1571694107,80
21,10.25,-1,4181517.708,223842.014,749.5,0.006648966,150.3993218,33665687.09,0.692666667,9.846425934,4.983923541,1.840066344,187057190,1571694117,80
22,10.91666667,-1,4463478.017,224186.684,749.5,0.006638106,150.6453901,33772690.46,0.706,9.063001339,4.97914246,1.786027676,195853683,1571694128,80
23,11.74666667,-1,4402179.917,223895.8173,749.5,0.006642485,150.5460722,33706635.89,0.753333333,7.422897567,4.981832704,4.170464785,204633384.4,1571694138,80
24,8.39,-1,4383758.144,224498.3733,749.5,0.006641464,150.5692138,33802543.56,0.584,13.76704757,4.979094007,1.757753563,213409983.1,1571694148,80
25,9.01,-1,4485470.086,224862.064,749.5,0.006638814,150.6293148,33870818.63,0.629333333,12.60807548,4.979180093,1.309351295,222198447.1,1571694159,80
26,9.723333333,-1,4493465.491,225136.976,749.5,0.006641383,150.5710444,33899109.6,0.657333333,11.26428412,4.980694682,3.234518785,230993663.5,1571694169,80
27,10.35333333,-1,4146094.937,225600.9073,749.5,0.006657412,150.2085111,33887176.4,0.7,9.703218057,4.993297433,2.98304345,239814662.3,1571694179,80
28,11.17333333,-1,4502581.493,231720.5233,749.5,0.006710545,149.019188,34530804.23,0.722666667,9.200419533,5.030124699,1.604129923,248886142.2,1571694190,80
29,11.80333333,-1,4154576.598,222746.9733,749.5,0.006664543,150.0478086,33422695.23,0.744666667,7.518354286,4.999125206,2.108080535,258012146.4,1571694200,80
30,8.696666667,-1,4400419.159,224385.4867,749.5,0.00667796,149.7463315,33600903.48,0.606666667,12.47185772,5.007571236,0.865689029,266856773.7,1571694210,80
31,9.4,-1,4138036.054,225367.9087,749.5,0.006669175,149.9435947,33792474.35,0.629333333,11.96997326,5.001890909,2.080553118,275720676.4,1571694221,80
32,10.05,-1,4348503.717,221985.4973,749.5,0.00667801,149.7452088,33241264.65,0.658,10.09671629,5.003475308,1.43269852,284594433.7,1571694231,80
33,10.70666667,-1,4182073.475,221723.084,749.5,0.00667812,149.7427318,33201420.3,0.708666667,9.528787206,5.010092903,1.330191346,293510638.7,1571694241,80
34,11.53,-1,4437591.057,223734.4887,749.5,0.006663394,150.0736717,33576656.21,0.732666667,7.567281217,4.997324751,2.080716715,302364083.1,1571694252,80
35,12.24333333,-1,4483768.944,224934.406,749.5,0.006665416,150.0281434,33746491.33,0.779333333,6.858971383,4.999798036,3.23574273,311236145.9,1571694262,80
36,9.173333333,-1,4516417.599,225358.386,749.5,0.006675427,149.8031449,33759394.96,0.634666667,12.08336058,5.006581898,0.999165098,320105927.6,1571694272,80
37,9.766666667,-1,4011913.033,221408.162,749.5,0.006681724,149.6619719,33136382.11,0.668,10.71394979,5.012020717,1.492342455,328985064.7,1571694283,80
38,10.29666667,-1,4282835.419,222723.688,749.5,0.006670067,149.9235352,33391522.69,0.668666667,9.782597507,5.002259228,1.426314266,337868338.1,1571694293,80
39,11.04,-1,4321798.831,224486.5907,749.5,0.006680444,149.6906439,33603542.31,0.72,8.619987962,5.013572443,1.333876415,346762122.4,1571694304,80
40,11.63333333,-1,4309918.736,225512.758,749.5,0.00666949,149.9365015,33812593.97,0.747333333,7.335401891,5.001969134,2.044916554,355646771,1571694314,80
41,12.36,-1,4044484.103,220913.4547,749.5,0.006679964,149.7014112,33071055.92,0.77,6.653992138,5.010785767,3.68847393,364534444.1,1571694324,80
42,12.98666667,-1,4362347.601,221849.89,749.5,0.00666039,150.1413639,33308845.07,0.518,4.213457623,4.995644204,3.294420376,373404717.6,1571694335,80
43,15.18,-1,4322498.725,223519.8693,749.5,0.006651625,150.3392029,33603798.98,0.578,3.923552665,4.987183878,8.901590896,382271685.3,1571694345,80
44,17.06666667,-1,4435050.945,224154.732,749.5,0.006656642,150.2259028,33673846.97,0.592666667,3.187077242,4.992072109,9.029401315,391153676.9,1571694355,80
45,18.2,-1,4275675.487,225257.0913,749.5,0.006672448,149.870022,33759285.24,0.606666667,3.04299867,5.01131745,6.294550376,400068845.1,1571694366,80
46,20.40666667,-1,4423211.672,226212.756,749.5,0.006657336,150.2102289,33979469.87,0.682,2.568068018,4.993198328,9.930308878,408963667.2,1571694376,80
47,21.83333333,-1,4396941.33,226597.8193,749.5,0.006666828,149.9963702,33988850.39,0.716666667,2.328656068,5.001383345,29.3519236,417860018.2,1571694386,80
48,13.78,-1,4354623.505,221917.8387,749.5,0.00667739,149.759121,33234220.44,0.536,4.110738566,5.007608391,3.497641253,426751530.5,1571694397,80
49,15.40666667,-1,4205430.749,223191.2113,749.5,0.006671433,149.8928347,33454763.36,0.582666667,3.898800592,5.004170538,3.880662926,435670523.1,1571694407,80
50,17.38,-1,4270974.452,224932.3073,749.5,0.006688175,149.5176214,33631343.57,0.615333333,3.293402495,5.012461768,7.332725691,444583042,1571694417,80
51,19.24666667,-1,4374923.741,226367.8267,749.5,0.006668693,149.9544163,33944855.32,0.679333333,2.871741457,5.003271298,7.474306305,453521193.7,1571694428,80
52,21.18,-1,4265741.115,221767.4413,749.5,0.006659873,150.153024,33299051.94,0.703333333,2.387391326,4.994835979,26.27622001,462428725.1,1571694438,80
53,22.79333333,-1,4391522.917,223884.2253,749.5,0.006720713,148.7937441,33312572.13,0.732,2.142887539,5.00741458,7.059766843,471361579.5,1571694448,80
54,14.96,-1,4444642.455,232652.9333,749.5,0.006713846,148.9459165,34652704.38,0.555333333,3.782290409,5.0408996,3.65795967,480498480.3,1571694459,80
55,16.62666667,-1,3967229.021,222747.128,749.5,0.006661642,150.1131386,33437270.5,0.605333333,3.251030123,5.001786668,4.857909176,489535023.2,1571694469,80
56,18.07333333,-1,4072777.538,223735.132,749.5,0.006677388,149.7591566,33506384.67,0.602,3.105662863,5.005311692,4.327780069,498461056.3,1571694480,80
57,19.67333333,-1,4368309.181,224388.982,749.5,0.00666334,150.0748889,33675151.54,0.663333333,2.688573963,4.998028796,12.28119832,507399859.8,1571694490,80
58,21.85333333,-1,4497571.299,225816.0167,749.5,0.006675758,149.7957333,33826275.8,0.730666667,2.440792307,5.00645245,7.846930629,516317557.3,1571694500,80
59,23.2,-1,4438073.829,226759.3933,749.5,0.006668522,149.9582693,34004446.17,0.76,2.07522956,5.000562641,38.01943421,525246655.6,1571694511,80
60,15.73333333,-1,4099917.023,222566.2987,749.5,0.006665864,150.0180695,33388966.47,0.569333333,3.560746693,4.999186833,3.223753189,534164672.7,1571694521,80
61,17.36666667,-1,4396784.698,223648.3853,749.5,0.006664822,150.0415142,33556542.38,0.594,3.274980321,4.996690824,4.48803157,543096699.7,1571694531,80
62,18.19333333,-1,4449404.235,224747.6327,749.5,0.006679558,149.7105093,33647082.54,0.650666667,3.172540198,5.009949455,3.240597696,552057018.2,1571694542,80
63,20.54,-1,4490377.805,225930.4547,749.5,0.006664401,150.0509972,33901090.02,0.663333333,2.560089356,4.997942104,5.746503031,560999421.8,1571694552,80
64,22.13333333,-1,4572721.967,228372.44,749.5,0.006711973,148.9874878,34024636.11,0.729333333,2.301641764,5.025446897,216.5278588,569976137,1571694562,80
65,23.95333333,-1,4346959.695,221780.076,749.5,0.00665784,150.1988648,33311115.65,0.75,1.76521732,4.993088645,15.25408758,578931215.7,1571694573,80
66,16.32666667,-1,4401547.289,222936.0387,749.5,0.00666624,150.0095958,33442545.04,0.593333333,3.425053118,4.999727226,2.323354494,587807309.3,1571694583,80
67,17.89333333,-1,4471041.814,225527.454,749.5,0.006660118,150.1474876,33862380.59,0.606666667,3.222474336,4.995717729,4.726612724,596713670.8,1571694593,80
68,19.62,-1,4371889.738,226901.7627,749.5,0.006678412,149.7361992,33975407.54,0.652666667,2.72931455,5.011531827,25.23529085,605674172.6,1571694604,80
69,21.06,-1,4373069.264,227887.868,749.5,0.006676638,149.7759737,34132127.32,0.668666667,2.350772444,5.007676197,11.47246495,614637717,1571694614,80
70,22.20666667,-1,4149065.918,222920.86,749.5,0.006672218,149.8752024,33410309.01,0.736,2.164842412,5.003822614,13.78400537,623591370.7,1571694624,80
71,23.96666667,-1,4406720.647,224746.8027,749.5,0.006668594,149.9566466,33702276.86,0.76,1.867291488,5.002121771,8.391302824,632521684.4,1571694635,80
72,17.3,-1,4492821.159,226050.5273,749.5,0.006677475,149.7572138,33852697.15,0.607333333,3.168480277,5.00737012,51.42736376,641483240.2,1571694645,80
73,18.51333333,-1,4454599.984,227601.4753,749.5,0.006692725,149.4159805,34007297.59,0.620666667,2.930950763,5.014247473,3.852945047,650455592.4,1571694656,80
74,20.45333333,-1,4390578.62,223461.8307,749.5,0.006675949,149.7914429,33472670.04,0.684,2.632879601,5.007215246,8.314396561,659452546.6,1571694666,80
75,21.75333333,-1,4158922.103,224740.282,749.5,0.006690449,149.466805,33591211.89,0.713333333,2.201126934,5.017675578,6.384754665,668429768.8,1571694676,80
76,23.18666667,-1,4416139.849,226750.3913,749.5,0.006674558,149.8226441,33972343.19,0.742,1.92056334,5.006079155,6.47005319,677406291.8,1571694687,80
77,24.46666667,-1,4482767.809,228066.9367,749.5,0.006690701,149.461177,34087152.79,0.757333333,1.778038377,5.018437593,11.04422501,686388808,1571694697,80
78,18.41333333,-1,4138851.501,223428.6333,749.5,0.006707215,149.0931782,33311685.05,0.63,2.859735051,5.030189807,3.731618261,695383460.6,1571694707,80
79,19.52666667,-1,4487264.338,226055.8807,749.5,0.006687182,149.5398151,33804354.6,0.639333333,2.905099124,5.012072911,5.114237815,704349076.3,1571694718,80
80,20.80666667,-1,4525367.926,228214.022,749.5,0.006667244,149.9870121,34229139.27,0.671333333,2.580979017,5.000489297,8.747406597,713339744,1571694728,80
81,22.26666667,-1,4070441.103,223647.75,749.5,0.006673308,149.8507103,33513774.21,0.709333333,2.192285899,5.003818353,9.996051188,722315110,1571694739,80
82,23.38,-1,4206696.441,225291.2093,749.5,0.006647037,150.442964,33893477.28,0.740666667,1.896839543,4.98515023,8.469239639,731296662.9,1571694749,80
83,24.71333333,-1,4440431.201,225144.5247,749.5,0.00665324,150.3027086,33839831.89,0.778666667,1.709523405,4.989954693,29.23680056,740265015.2,1571694759,80
84,19.33,-1,4463049.61,226139.2553,749.5,0.006658267,150.1892233,33963679.11,0.518666667,1.850569484,4.993497657,5.113438793,749221061.6,1571694769,80
85,21.85,-1,4281483.667,227217.6947,749.5,0.006680126,149.697778,34013984.02,0.538,1.734879576,5.001049635,8.284424111,758215526.6,1571694780,80
86,24.84,-1,4339727.221,229973.2107,749.5,0.006655328,150.2555628,34554754.2,0.588,1.521186369,4.99070734,23.29066691,767280855,1571694790,80
87,27.97,-1,4389793.127,228786.98,749.5,0.006642559,150.5443935,34442597.15,0.647333333,1.365155918,4.983183341,18.92590968,776248457,1571694800,80
88,31.37,-1,4261989.216,229006.162,749.5,0.006644181,150.5076448,34467178.09,0.702666667,1.107286136,4.98381529,69.85300599,785212372.5,1571694811,80
89,32.51,-1,4160143.853,229776.9567,749.5,0.006633523,150.7494696,34638754.34,0.713333333,1.023768418,4.97584117,24.65752908,794174672.2,1571694821,80
90,20.32,-1,4477716.759,229682.782,749.5,0.006659599,150.1592023,34488983.33,0.534,1.851937027,4.997601812,98.3403008,803160450,1571694831,80
91,23.24,-1,4256853.93,224975.116,749.5,0.006651181,150.3492409,33824837.92,0.571333333,1.638167058,4.99011347,19.19156703,812162485.8,1571694842,80
92,25.52,-1,4209297.977,224785.65,749.5,0.006631909,150.7861522,33894563.24,0.596,1.457476946,4.97341046,24.86402197,821139558.4,1571694852,80
93,28.52,-1,4379048.187,224641.866,749.5,0.006638822,150.6291273,33837608.23,0.652666667,1.307488914,4.979100692,17.80231872,830102668.8,1571694862,80
94,31.8,-1,4379534.621,223031.8133,749.5,0.00664717,150.4399709,33552899.52,0.7,1.107170835,4.984379526,36.17011743,839056038.6,1571694873,80
95,34.23,-1,4418381.549,225428.692,749.5,0.006647638,150.4293777,33911097.85,0.729333333,0.919708326,4.985532899,18.43383642,847990185.5,1571694883,80
96,21.9,-1,4276815.133,225744.134,749.5,0.006646233,150.461162,33965724.71,0.55,1.751380137,4.984448648,8.087780755,856981188.5,1571694893,80
97,24.23,-1,4463956.494,226467.4567,749.5,0.006654696,150.2698355,34031227.47,0.574,1.577150655,4.994160471,148.5484628,865990901.5,1571694904,80
98,26.88,-1,3890275.481,226723.126,749.5,0.006636679,150.6777781,34162136.88,0.644,1.410126388,4.976722397,232.2887329,874984176.2,1571694914,80
99,29.6,-1,4319180.186,226721.7533,749.5,0.006638374,150.6392943,34153204.92,0.678,1.267676502,4.979363786,14.73327102,883964722.4,1571694924,80
100,32.26,-1,4241976.891,226155.664,749.5,0.006645197,150.4846302,34032951.45,0.729333333,1.051201242,4.983696885,14.45634586,892934375.6,1571694934,80
101,34.75,-1,4394476.097,227131.8647,749.5,0.006652426,150.3211062,34142713.15,0.756666667,0.93050631,4.989241086,33.47934451,901923386.4,1571694945,80
102,23.3,-1,4063984.365,221681.8813,749.5,0.006655382,150.2543463,33308666.17,0.569333333,1.625778669,4.991556823,8.174189628,910929319.7,1571694955,80
103,25.67,-1,4542822.92,227409.8893,749.5,0.006665518,150.0258395,34117359.56,0.588666667,1.484313505,5.011419115,14.79591883,919945421.9,1571694965,80
104,28.23,-1,4576735.082,229526.6807,749.5,0.00665553,150.2509948,34486612.11,0.631333333,1.253859416,4.991779908,9.151824627,928926112.1,1571694976,80
105,30.3,-1,4593926.749,230165.3653,749.5,0.006642018,150.5566459,34652925.41,0.666666667,1.130057114,4.981790443,19.23156616,937936785.7,1571694986,80
106,33.25,-1,4420190.227,230213.432,749.5,0.006638669,150.6326003,34677647.88,0.712,0.972525305,4.978781346,21.44337505,946933614.5,1571694996,80
107,35.62,-1,4524433.072,229988.8153,749.5,0.006650113,150.3733751,34584194.39,0.734,0.850776541,4.987091951,15.2971043,955927479.7,1571695007,80
108,24.85,-1,4241176.777,224194.9047,749.5,0.006657211,150.2130442,33676999.13,0.61,1.454156387,4.986289319,34.61004687,964882465.1,1571695017,80
109,26.49,-1,4410591.81,225351.9853,749.5,0.006657887,150.1978142,33847375.61,0.598666667,1.474025217,4.996712204,9.573865575,973912369.3,1571695027,80
110,29.2,-1,4458283.917,226299.554,749.5,0.006666313,150.0079612,33946734.72,0.676666667,1.254578978,4.999839378,12.14989969,982932360.9,1571695038,80
111,31.59,-1,4408829.279,227356.42,749.5,0.006648243,150.4156752,34197969.42,0.692666667,1.083753917,4.986719028,14.86386117,991956259.5,1571695048,80
112,33.85,-1,4421676.307,227996.0867,749.5,0.006649447,150.3884359,34287974.86,0.738666667,0.950789049,4.986747594,80.37499099,1000971503,1571695058,80
113,35.81,-1,4242208.053,227692.7767,749.5,0.006659847,150.1536045,34188891.14,0.760666667,0.838256221,4.995716083,21.90124351,1009996300,1571695069,80
114,26.06,-1,4514180.875,229381.8673,749.5,0.006662152,150.1016423,34430595,0.594,1.353340686,4.995023796,11.65164619,1019002901,1571695079,80
115,27.91,-1,4577464.423,229596.2633,749.5,0.006643548,150.5219691,34559281.64,0.632,1.259587391,4.983776658,10.97398185,1028034848,1571695089,80
116,30.57,-1,4588633.32,230243.6707,749.5,0.006636797,150.6750825,34691984.07,0.679333333,1.187325184,4.97744874,24.30276211,1037036347,1571695100,80
117,32.19,-1,4486955.282,229648.9527,749.5,0.006633073,150.7596889,34621804.67,0.722,1.037127557,4.973759034,16.15678168,1046019862,1571695110,80
118,34.64,-1,4504076.763,230219.066,749.5,0.006651932,150.3322661,34609353.9,0.712666667,0.885870319,4.989297008,43.98804282,1055036307,1571695120,80
119,36.79,-1,4603073.648,230294.7507,749.5,0.006647903,150.4233821,34641715.27,0.786,0.734984274,4.987134394,20.0005277,1064056103,1571695131,80
120,27.48,-1,4362561.824,224722.5333,749.5,0.00665831,150.1882696,33750688.42,0.619333333,1.365023533,4.993231726,8.212343418,1073075921,1571695141,80
121,29.88,-1,4425559.471,226160.7367,749.5,0.006655688,150.2474318,33980069.85,0.644,1.199584731,4.989861818,18.17551576,1082095369,1571695151,80
122,31.91,-1,3987818.967,226490.5653,749.5,0.006653655,150.2933267,34040020.52,0.686,1.031826806,4.989620375,59.98222903,1091142846,1571695161,80
123,33.09,-1,4605205.065,227156.5227,749.5,0.006835975,146.284915,33229572.6,0.698666667,0.937964637,5.126659461,17.13793743,1100313242,1571695172,80
124,35.34,-1,4459564.166,228460.7207,749.5,0.006831448,146.3818523,33442503.46,0.752666667,0.852229234,5.121785632,20.76999298,1109613633,1571695183,80
125,38.06,-1,4664134.949,229912.058,749.5,0.006824464,146.5316475,33689392.63,0.786,0.628514981,5.121008047,13.32035507,1118900452,1571695193,80
126,25.93333333,-1,4370414.978,226086.9327,749.5,0.006827617,146.4639823,33113592.5,0.520666667,1.063562995,5.126849526,13.42392111,1128204544,1571695204,80
127,29.72,-1,4476730.904,226991.924,749.5,0.006803595,146.9811269,33363528.8,0.554,0.938487623,5.10074654,10.9226759,1137479113,1571695214,80
128,33.57333333,-1,4377760.976,221818.9293,749.5,0.006804511,146.9613339,32598805.74,0.588,0.875162365,5.104001966,19.84226537,1146753794,1571695225,80
129,37.81333333,-1,4421826.337,228178.3687,749.5,0.006806279,146.9231568,33524686.23,0.634666667,0.732376236,5.104835196,23.44204111,1156020486,1571695236,80
130,41.10666667,-1,4670668.717,229251.1793,749.5,0.006820685,146.6128319,33611164.62,0.692,0.677782546,5.11425043,22.36782822,1165304075,1571695246,80
131,43.82666667,-1,4717149.455,230393.5993,749.5,0.006829728,146.4187229,33733936.57,0.728666667,0.569692425,5.118586219,32.68273442,1174607096,1571695257,80
132,27.45333333,-1,4291105.981,226002.096,749.5,0.006806662,146.9148849,33203071.93,0.540666667,1.047113161,5.104818658,10.74523719,1183916614,1571695267,80
133,31.92,-1,4257311.5,226547.0067,749.5,0.00680226,147.0099626,33304666.97,0.542,0.903796961,5.101835986,16.57563621,1193191725,1571695278,80
134,34.64,-1,4584612.011,226959.5327,749.5,0.006817526,146.6807647,33290597.8,0.612,0.819630319,5.112509874,17.31755137,1202473214,1571695289,80
135,38.32,-1,4375940.159,228015.594,749.5,0.006825736,146.5043399,33405274.08,0.646,0.695507008,5.120039131,26.31298348,1211774665,1571695299,80
136,41.66666667,-1,4579629.193,229585.2167,749.5,0.00680401,146.9721447,33742631.69,0.690666667,0.638629305,5.102861391,37.63307543,1221065630,1571695310,80
137,46.12,-1,4712796.812,230293.658,749.5,0.006825414,146.5112588,33740613.72,0.738,0.512748852,5.115878998,28.70586435,1230360862,1571695320,80
138,29.52,-1,4289150.165,225461.8433,749.5,0.006815967,146.7143236,33078481.83,0.557333333,0.973674111,5.112329724,30.8357999,1239664093,1571695331,80
139,33.45333333,-1,4245133.08,221826.5873,749.5,0.006841271,146.1716774,32424764.36,0.580666667,0.829458675,5.13724097,22.3400798,1249018345,1571695342,80
140,36.18666667,-1,4405248.759,228638.68,749.5,0.006833679,146.3340568,33457625.58,0.618666667,0.770166307,5.13125503,37.64770501,1258357604,1571695352,80
141,39.54666667,-1,4362360.533,230188.28,749.5,0.006827933,146.4572178,33712735.07,0.661333333,0.652457832,5.120796561,28.1948394,1267672467,1571695363,80
142,41.78666667,-1,4530775.398,225747.9087,749.5,0.006817541,146.6804432,33112803.29,0.687333333,0.623931685,5.112941639,40.4573565,1276984382,1571695374,80
143,45.90666667,-1,4557386.559,227150.4553,749.5,0.006818408,146.6618046,33314295.69,0.736,0.5274608,5.116897151,38.56922683,1286300302,1571695384,80
144,31.93333333,-1,4246626.537,222245.3393,749.5,0.006822331,146.5774719,32576159.98,0.592,0.868843079,5.116381971,35.82650216,1295601360,1571695395,80
145,34.12,-1,4671053.863,229208.9387,749.5,0.006823158,146.5597095,33592795.47,0.6,0.83898802,5.11794843,18.84821662,1304917251,1571695405,80
146,37.49333333,-1,4611673.033,230032.976,749.5,0.006823122,146.5604743,33713742.06,0.624666667,0.762752429,5.118271568,26.8492407,1314222316,1571695416,80
147,40.57333333,-1,4626318.894,231241.658,749.5,0.006801638,147.0234123,33997937.63,0.665333333,0.661491116,5.100343947,26.62899393,1323510864,1571695427,80
148,44.18666667,-1,4442317.825,225910.8867,749.5,0.006802224,147.0107321,33211324.83,0.718,0.568840819,5.098660829,75.19941864,1332764629,1571695437,80
149,47.37333333,-1,4230130.665,226785.2113,749.5,0.006822835,146.5666473,33239148.09,0.748666667,0.492937522,5.117069169,46.48433905,1342073246,1571695448,80
150,33.28,-1,4454282.7,228080.216,749.5,0.00681541,146.7263129,33465369.13,0.614666667,0.841562932,5.111778842,15.35144027,1351380815,1571695458,80
151,35.8,-1,4653180.196,229130.5567,749.5,0.006810555,146.8309121,33643448.63,0.616,0.790886503,5.107142064,20.35096696,1360680552,1571695469,80
152,38.81333333,-1,4685353.166,229573.504,749.5,0.006815265,146.7294268,33685188.66,0.674666667,0.696659035,5.111397188,21.10707215,1369982888,1571695480,80
153,41.77333333,-1,4732504.245,230628.8253,749.5,0.006820759,146.6112569,33812781.95,0.677333333,0.628358026,5.115985212,22.89804496,1379286974,1571695490,80
154,44.81333333,-1,4386768.093,226474.942,749.5,0.006836492,146.2738479,33127361.22,0.740666667,0.532275205,5.128109749,52.48590522,1388613323,1571695501,80
155,47.69333333,-1,4466790.481,226418.1947,749.5,0.006829658,146.4202256,33152203.15,0.753333333,0.45980379,5.12042567,51.31582176,1397915143,1571695511,80
156,34.70666667,-1,4663697.749,229102.344,749.5,0.006821463,146.5961096,33585512.33,0.612666667,0.760335366,5.115600237,13.74998655,1407202483,1571695522,80
157,37.12,-1,4712753.926,230078.6453,749.5,0.006825354,146.5125553,33709410.25,0.623333333,0.701669369,5.118583909,18.52410148,1416514573,1571695533,80
158,40.2,-1,4454552.986,224285.7307,749.5,0.006814556,146.7447009,32912742.47,0.656666667,0.645633684,5.110951109,80.09154028,1425804501,1571695543,80
159,43.68,-1,4531852.223,226142.7467,749.5,0.006800025,147.0582832,33256164.08,0.705333333,0.534700432,5.099832991,57.44288305,1435026655,1571695554,80
160,45.97333333,-1,4526100.264,227809.014,749.5,0.006814788,146.7397142,33428629.6,0.721333333,0.522962316,5.115635848,25.11306482,1444341931,1571695564,80
161,48.82666667,-1,4347554.503,226837.316,749.5,0.006818909,146.6510154,33265922.72,0.776,0.451684802,5.113734052,32.23978641,1453644979,1571695575,80
162,36.89333333,-1,4564379.915,229106.3767,749.5,0.006808861,146.8674505,33648269.43,0.626666667,0.743275765,5.106493201,12.30606951,1462891624,1571695586,80
163,39.6,-1,4417220.888,228961.688,749.5,0.006814578,146.7442286,33598806.28,0.632,0.660031972,5.11340431,38.35907895,1472182961,1571695596,80
164,42.18666667,-1,4553541.347,231366.0113,749.5,0.006824187,146.5375996,33903819.94,0.674,0.548719555,5.118195213,24.07447722,1481484348,1571695607,80
165,44.56,-1,4355089.211,226936.7493,749.5,0.006843107,146.13246,33162825.45,0.701333333,0.528971288,5.128953429,47.12581329,1490831494,1571695618,80
166,46.50666667,-1,4366617.602,228571.9967,749.5,0.006830024,146.4123613,33465765.75,0.734666667,0.453079764,5.122429947,28.58213651,1500186841,1571695628,80
167,49.85333333,-1,4489710.83,229678.15,749.5,0.006825511,146.5091844,33649958.43,0.778666667,0.40465842,5.119132058,52.22418453,1509516330,1571695639,80
168,32.9,-1,4514121.402,231068.3173,749.5,0.006814902,146.7372637,33906332.61,0.512,0.681082238,5.111578823,21.97559375,1518839788,1571695649,80
169,36.86666667,-1,4511920.801,224730.6093,749.5,0.006814905,146.7371884,32976337.76,0.58,0.646767756,5.113483288,28.58264922,1528129569,1571695660,80
170,41.03333333,-1,4504402.269,226957.524,749.5,0.006803289,146.9877235,33359969.79,0.584,0.584105663,5.1033665,2621.201629,1537405102,1571695671,80
171,48.63333333,-1,4536381.591,227477.2953,749.5,0.006812381,146.7915526,33391745.37,0.662666667,0.45106118,5.110025877,39.78550066,1546687614,1571695681,80
172,52.1,-1,4353006.046,228814.308,749.5,0.006797584,147.11109,33661122.26,0.701333333,0.40071125,5.097871601,96.04412905,1556001995,1571695692,80
173,55.6,-1,4636460.291,227634.5867,749.5,0.006810945,146.8225033,33421879.86,0.724,0.356827192,5.107739132,55.83485216,1565298008,1571695702,80
174,34.28333333,-1,4653944.341,228977.438,749.5,0.006821167,146.6024701,33568658.01,0.529333333,0.664767457,5.115894215,20.54505202,1574536844,1571695713,80
175,39.25,-1,4741093.945,231137.444,749.5,0.006827669,146.4628639,33853052.01,0.570666667,0.559181092,5.121009425,36.44723147,1583869798,1571695724,80
176,42.96666667,-1,4564881.207,226870.2333,749.5,0.006827441,146.4677637,33229175.72,0.633333333,0.531000513,5.121071137,48.13049024,1593214565,1571695734,80
177,48.53333333,-1,4392265.948,227966.0607,749.5,0.006818403,146.6619037,33433936.44,0.66,0.450510187,5.118520632,42.47397513,1602564377,1571695745,80
178,53.71666667,-1,4487663.504,229285.1873,749.5,0.006802999,146.9939944,33703545.55,0.707333333,0.380452109,5.102177459,91.16258809,1611874841,1571695755,80
179,56.48333333,-1,4539300.233,229838.7727,749.5,0.006811171,146.8176381,33744385.74,0.737333333,0.360036759,5.108376186,99.27702553,1621197795,1571695766,80
180,36.66666667,-1,4609606.508,230169.7193,749.5,0.006814024,146.7561509,33778822.06,0.539333333,0.639665289,5.111241002,29.34489248,1630511383,1571695777,80
181,41.15,-1,4749509.507,231262.176,749.5,0.006827842,146.4591578,33870463.52,0.585333333,0.576586242,5.121368962,21.76042558,1639840325,1571695787,80
182,45.1,-1,4574893.276,226884.1633,749.5,0.006828647,146.441891,33225345.93,0.62,0.487754273,5.11718858,53.07149274,1649178978,1571695798,80
183,50.06666667,-1,4628740.024,228538.3233,749.5,0.006819317,146.6422615,33513376.57,0.673333333,0.419193058,5.117765245,42.69928291,1658510894,1571695808,80
184,53.66666667,-1,4399666.5,223294.1047,749.5,0.006809766,146.847928,32790276.6,0.696666667,0.371410186,5.107620133,51.10923628,1667822560,1571695819,80
185,57.83333333,-1,4693088.837,230453.442,749.5,0.006805146,146.9476209,33864585.04,0.744666667,0.334947938,5.104312173,132.4491654,1677137102,1571695830,80
186,39.18333333,-1,4589941.217,230881.738,749.5,0.006806388,146.9208134,33921332.74,0.552666667,0.585091284,5.105974763,13.14757255,1686459180,1571695840,80
187,42.86666667,-1,4734688.261,231217.282,749.5,0.006800786,147.0418337,33998613.13,0.600666667,0.523670048,5.10089733,16.14216833,1695768276,1571695851,80
188,48.18333333,-1,4765646.093,232420.7347,749.5,0.006817957,146.6715011,34089498.05,0.643333333,0.474137047,5.112626384,55.10601131,1705090654,1571695861,80
189,51.08333333,-1,4520612.874,227609.014,749.5,0.006826053,146.4975478,33344162.41,0.694,0.413175126,5.128174987,34.57438029,1714463847,1571695872,80
190,55.03333333,-1,4287949.597,228083.2253,749.5,0.00683946,146.2103688,33348132.48,0.697333333,0.367769095,5.13048252,160.4605067,1723793359,1571695883,80
191,59.78333333,-1,4514671.475,229931.4187,749.5,0.006835722,146.2903335,33636743.91,0.767333333,0.289560413,5.125998078,45.552113,1733132948,1571695893,80
192,41.4,-1,4369342.77,231368.038,749.5,0.006841719,146.1620876,33817235.43,0.589333333,0.544567494,5.130333447,15.26322706,1742477617,1571695904,80
193,44.71666667,-1,4624362.047,227808.6467,749.5,0.00684672,146.0553396,33272669.24,0.612666667,0.501395831,5.135876956,33.20875797,1751818334,1571695915,80
194,50.01666667,-1,4571621.229,230194.208,749.5,0.0068561,145.8555138,33575094.48,0.664,0.428338482,5.147288284,53.02853902,1761193929,1571695925,80
195,53.21666667,-1,4251678.568,226220.394,749.5,0.006839582,146.2077559,33075176.14,0.705333333,0.387249301,5.129534356,58.47088028,1770547015,1571695936,80
196,56.8,-1,4449245.081,227968.6353,749.5,0.006831584,146.3789403,33369807.27,0.733333333,0.331508555,5.12398723,50.29714178,1779879426,1571695947,80
197,60.33333333,-1,4634867.285,229303.0767,749.5,0.006844127,146.1106757,33503627.47,0.766666667,0.291632943,5.133514116,277.4073633,1789216802,1571695957,80
198,43.11666667,-1,4536447.936,231594.452,749.5,0.006825275,146.5142476,33931886.89,0.590666667,0.522515466,5.11947249,17.37878536,1798553398,1571695968,80
199,46.38333333,-1,4464351.737,226342.7333,749.5,0.006831728,146.375848,33131109.53,0.644,0.488839393,5.121829986,26.40927902,1807854294,1571695978,80
200,50.26666667,-1,4560157.341,228811.494,749.5,0.006852858,145.9245131,33389205.86,0.685333333,0.43880087,5.13994545,44.2162412,1817205723,1571695989,80
201,53.53333333,-1,4349175.077,230873.178,749.5,0.006844154,146.1100954,33732902.07,0.702,0.376571764,5.133269718,2543.346322,1826566847,1571696000,80
202,58.31666667,-1,4515341.495,227052.088,749.5,0.006844721,146.0979895,33171853.57,0.731333333,0.29619334,5.133055743,155.0735044,1835926558,1571696010,80
203,61.46666667,-1,4198054.058,223276.9687,749.5,0.006845558,146.0801396,32616330.76,0.776666667,0.271095699,5.134225656,77.94056196,1845290088,1571696021,80
204,45.01666667,-1,4426496.659,230513.1613,749.5,0.006831336,146.3842466,33743495.45,0.607333333,0.481456921,5.123969208,71.50671845,1854632557,1571696032,80
205,48.16666667,-1,4376582.002,227111.0073,749.5,0.006834324,146.3202531,33230940.06,0.642,0.465495648,5.128137674,36.34519409,1863977022,1571696042,80
206,52.4,-1,4507391.625,228305.83,749.5,0.006827609,146.464163,33438622.3,0.688,0.375850858,5.120594096,58.85616184,1873322230,1571696053,80
207,55.95,-1,4640972.822,229683.1793,749.5,0.006845227,146.0872017,33553772.95,0.708,0.330833048,5.134012123,40.12426757,1882668910,1571696064,80
208,59.03333333,-1,4735702.167,231461.6613,749.5,0.006841177,146.1736777,33833602.29,0.759333333,0.281423628,5.130671759,43.82935341,1892016709,1571696074,80
209,62.33333333,-1,4458791.271,227218.92,749.5,0.006852711,145.9276405,33157520.88,0.77,0.241620965,5.139666578,91.54800053,1901372285,1571696085,80